,month,bus_route_id,violation_type,violations
0,2019-10,B44+,MOBILE BUS LANE,233
1,2019-10,B46+,MOBILE BUS LANE,3
2,2019-10,M15+,MOBILE BUS LANE,5160
3,2019-11,B44+,MOBILE BUS LANE,2143
4,2019-11,B46+,MOBILE BUS LANE,58
5,2019-11,M14+,MOBILE BUS LANE,41
6,2019-11,M15+,MOBILE BUS LANE,7040
7,2019-12,B44+,MOBILE BUS LANE,1249
8,2019-12,B46+,MOBILE BUS LANE,57
9,2019-12,M14+,MOBILE BUS LANE,377
10,2019-12,M15+,MOBILE BUS LANE,5972
11,2020-01,B44+,MOBILE BUS LANE,1236
12,2020-01,B46+,MOBILE BUS LANE,72
13,2020-01,M14+,MOBILE BUS LANE,264
14,2020-01,M15+,MOBILE BUS LANE,5044
15,2020-02,B44+,MOBILE BUS LANE,436
16,2020-02,B46+,MOBILE BUS LANE,291
17,2020-02,M14+,MOBILE BUS LANE,40
18,2020-02,M15+,MOBILE BUS LANE,4077
19,2020-03,B44+,MOBILE BUS LANE,394
20,2020-03,B46+,MOBILE BUS LANE,818
21,2020-03,M14+,MOBILE BUS LANE,36
22,2020-03,M15+,MOBILE BUS LANE,4859
23,2020-04,B44+,MOBILE BUS LANE,359
24,2020-04,B46+,MOBILE BUS LANE,1014
25,2020-04,M14+,MOBILE BUS LANE,58
26,2020-04,M15+,MOBILE BUS LANE,7208
27,2020-05,B44+,MOBILE BUS LANE,596
28,2020-05,B46+,MOBILE BUS LANE,1826
29,2020-05,M14+,MOBILE BUS LANE,117
30,2020-05,M15+,MOBILE BUS LANE,10588
31,2020-06,B44+,MOBILE BUS LANE,629
32,2020-06,B46+,MOBILE BUS LANE,1949
33,2020-06,M14+,MOBILE BUS LANE,84
34,2020-06,M15+,MOBILE BUS LANE,10462
35,2020-07,B44+,MOBILE BUS LANE,558
36,2020-07,B46+,MOBILE BUS LANE,1929
37,2020-07,M14+,MOBILE BUS LANE,94
38,2020-07,M15+,MOBILE BUS LANE,8018
39,2020-08,B44+,MOBILE BUS LANE,706
40,2020-08,B46+,MOBILE BUS LANE,1899
41,2020-08,M14+,MOBILE BUS LANE,267
42,2020-08,M15+,MOBILE BUS LANE,8378
43,2020-08,M23+,MOBILE BUS LANE,6
44,2020-08,M34+,MOBILE BUS LANE,24
45,2020-08,M86+,MOBILE BUS LANE,6
46,2020-09,B44+,MOBILE BUS LANE,838
47,2020-09,B46+,MOBILE BUS LANE,1905
48,2020-09,M14+,MOBILE BUS LANE,336
49,2020-09,M15+,MOBILE BUS LANE,8622
50,2020-09,M23+,MOBILE BUS LANE,16
51,2020-09,M34+,MOBILE BUS LANE,39
52,2020-09,M86+,MOBILE BUS LANE,24
53,2020-10,B44+,MOBILE BUS LANE,1066
54,2020-10,B46+,MOBILE BUS LANE,1737
55,2020-10,M14+,MOBILE BUS LANE,751
56,2020-10,M15+,MOBILE BUS LANE,8062
57,2020-10,M23+,MOBILE BUS LANE,20
58,2020-10,M34+,MOBILE BUS LANE,46
59,2020-10,M86+,MOBILE BUS LANE,33
60,2020-11,B44+,MOBILE BUS LANE,940
61,2020-11,B46+,MOBILE BUS LANE,1406
62,2020-11,M14+,MOBILE BUS LANE,589
63,2020-11,M15+,MOBILE BUS LANE,7292
64,2020-11,M23+,MOBILE BUS LANE,23
65,2020-11,M34+,MOBILE BUS LANE,35
66,2020-11,M86+,MOBILE BUS LANE,17
67,2020-12,B44+,MOBILE BUS LANE,1002
68,2020-12,B46+,MOBILE BUS LANE,1704
69,2020-12,M14+,MOBILE BUS LANE,854
70,2020-12,M15+,MOBILE BUS LANE,5830
71,2020-12,M23+,MOBILE BUS LANE,59
72,2020-12,M34+,MOBILE BUS LANE,54
73,2020-12,M86+,MOBILE BUS LANE,18
74,2021-01,B44+,MOBILE BUS LANE,835
75,2021-01,B46+,MOBILE BUS LANE,1604
76,2021-01,M14+,MOBILE BUS LANE,873
77,2021-01,M15+,MOBILE BUS LANE,6033
78,2021-01,M23+,MOBILE BUS LANE,47
79,2021-01,M34+,MOBILE BUS LANE,76
80,2021-01,M86+,MOBILE BUS LANE,35
81,2021-02,B44+,MOBILE BUS LANE,1046
82,2021-02,B46+,MOBILE BUS LANE,1676
83,2021-02,M14+,MOBILE BUS LANE,795
84,2021-02,M15+,MOBILE BUS LANE,4223
85,2021-02,M23+,MOBILE BUS LANE,183
86,2021-02,M34+,MOBILE BUS LANE,157
87,2021-02,M86+,MOBILE BUS LANE,71
88,2021-03,B44+,MOBILE BUS LANE,1089
89,2021-03,B46+,MOBILE BUS LANE,2042
90,2021-03,M14+,MOBILE BUS LANE,815
91,2021-03,M15+,MOBILE BUS LANE,5160
92,2021-03,M23+,MOBILE BUS LANE,49
93,2021-03,M34+,MOBILE BUS LANE,114
94,2021-03,M86+,MOBILE BUS LANE,86
95,2021-04,B44+,MOBILE BUS LANE,1221
96,2021-04,B46+,MOBILE BUS LANE,1998
97,2021-04,M14+,MOBILE BUS LANE,854
98,2021-04,M15+,MOBILE BUS LANE,5308
99,2021-04,M23+,MOBILE BUS LANE,47
100,2021-04,M34+,MOBILE BUS LANE,116
101,2021-04,M86+,MOBILE BUS LANE,57
102,2021-05,B44+,MOBILE BUS LANE,843
103,2021-05,B46+,MOBILE BUS LANE,1461
104,2021-05,M14+,MOBILE BUS LANE,694
105,2021-05,M15+,MOBILE BUS LANE,4284
106,2021-05,M23+,MOBILE BUS LANE,28
107,2021-05,M34+,MOBILE BUS LANE,97
108,2021-05,M86+,MOBILE BUS LANE,30
109,2021-06,B44+,MOBILE BUS LANE,407
110,2021-06,B46+,MOBILE BUS LANE,875
111,2021-06,M14+,MOBILE BUS LANE,354
112,2021-06,M15+,MOBILE BUS LANE,1765
113,2021-06,M23+,MOBILE BUS LANE,17
114,2021-06,M34+,MOBILE BUS LANE,59
115,2021-06,M86+,MOBILE BUS LANE,49
116,2021-07,B44+,MOBILE BUS LANE,834
117,2021-07,B46+,MOBILE BUS LANE,1716
118,2021-07,M14+,MOBILE BUS LANE,1022
119,2021-07,M15+,MOBILE BUS LANE,3762
120,2021-07,M23+,MOBILE BUS LANE,28
121,2021-07,M34+,MOBILE BUS LANE,90
122,2021-07,M86+,MOBILE BUS LANE,62
123,2021-08,B44+,MOBILE BUS LANE,1284
124,2021-08,B46+,MOBILE BUS LANE,2673
125,2021-08,M14+,MOBILE BUS LANE,1202
126,2021-08,M15+,MOBILE BUS LANE,4576
127,2021-08,M23+,MOBILE BUS LANE,68
128,2021-08,M34+,MOBILE BUS LANE,119
129,2021-08,M86+,MOBILE BUS LANE,47
130,2021-09,B44+,MOBILE BUS LANE,1268
131,2021-09,B46+,MOBILE BUS LANE,2220
132,2021-09,M14+,MOBILE BUS LANE,1033
133,2021-09,M15+,MOBILE BUS LANE,4532
134,2021-09,M23+,MOBILE BUS LANE,43
135,2021-09,M34+,MOBILE BUS LANE,128
136,2021-09,M86+,MOBILE BUS LANE,74
137,2021-10,B44+,MOBILE BUS LANE,1044
138,2021-10,B46+,MOBILE BUS LANE,1513
139,2021-10,M14+,MOBILE BUS LANE,794
140,2021-10,M15+,MOBILE BUS LANE,4722
141,2021-10,M23+,MOBILE BUS LANE,30
142,2021-10,M34+,MOBILE BUS LANE,91
143,2021-10,M86+,MOBILE BUS LANE,43
144,2021-11,B44+,MOBILE BUS LANE,795
145,2021-11,B46+,MOBILE BUS LANE,1953
146,2021-11,M14+,MOBILE BUS LANE,849
147,2021-11,M15+,MOBILE BUS LANE,5303
148,2021-11,M23+,MOBILE BUS LANE,60
149,2021-11,M34+,MOBILE BUS LANE,72
150,2021-11,M86+,MOBILE BUS LANE,67
151,2021-12,B44+,MOBILE BUS LANE,798
152,2021-12,B46+,MOBILE BUS LANE,1893
153,2021-12,M14+,MOBILE BUS LANE,637
154,2021-12,M15+,MOBILE BUS LANE,4573
155,2021-12,M23+,MOBILE BUS LANE,30
156,2021-12,M34+,MOBILE BUS LANE,127
157,2021-12,M86+,MOBILE BUS LANE,16
158,2022-01,B44+,MOBILE BUS LANE,654
159,2022-01,B46+,MOBILE BUS LANE,1094
160,2022-01,M14+,MOBILE BUS LANE,554
161,2022-01,M15+,MOBILE BUS LANE,3789
162,2022-01,M23+,MOBILE BUS LANE,35
163,2022-01,M34+,MOBILE BUS LANE,77
164,2022-01,M86+,MOBILE BUS LANE,22
165,2022-02,B44+,MOBILE BUS LANE,622
166,2022-02,B46+,MOBILE BUS LANE,1218
167,2022-02,M14+,MOBILE BUS LANE,527
168,2022-02,M15+,MOBILE BUS LANE,3622
169,2022-02,M23+,MOBILE BUS LANE,20
170,2022-02,M34+,MOBILE BUS LANE,96
171,2022-02,M86+,MOBILE BUS LANE,19
172,2022-03,B44+,MOBILE BUS LANE,753
173,2022-03,B46+,MOBILE BUS LANE,1521
174,2022-03,M14+,MOBILE BUS LANE,681
175,2022-03,M15+,MOBILE BUS LANE,5006
176,2022-03,M23+,MOBILE BUS LANE,70
177,2022-03,M34+,MOBILE BUS LANE,99
178,2022-03,M86+,MOBILE BUS LANE,53
179,2022-04,B44+,MOBILE BUS LANE,402
180,2022-04,B46+,MOBILE BUS LANE,761
181,2022-04,M14+,MOBILE BUS LANE,406
182,2022-04,M15+,MOBILE BUS LANE,2994
183,2022-04,M23+,MOBILE BUS LANE,51
184,2022-04,M34+,MOBILE BUS LANE,79
185,2022-04,M86+,MOBILE BUS LANE,30
186,2022-05,B44+,MOBILE BUS LANE,55
187,2022-05,B46+,MOBILE BUS LANE,85
188,2022-05,M14+,MOBILE BUS LANE,68
189,2022-05,M15+,MOBILE BUS LANE,416
190,2022-05,M23+,MOBILE BUS LANE,6
191,2022-05,M34+,MOBILE BUS LANE,5
192,2022-05,M86+,MOBILE BUS LANE,5
193,2022-06,B44+,MOBILE BUS LANE,726
194,2022-06,B46+,MOBILE BUS LANE,1951
195,2022-06,M14+,MOBILE BUS LANE,938
196,2022-06,M15+,MOBILE BUS LANE,6917
197,2022-06,M23+,MOBILE BUS LANE,80
198,2022-06,M34+,MOBILE BUS LANE,135
199,2022-06,M86+,MOBILE BUS LANE,6
200,2022-07,B44+,MOBILE BUS LANE,608
201,2022-07,B46+,MOBILE BUS LANE,1400
202,2022-07,M14+,MOBILE BUS LANE,858
203,2022-07,M15+,MOBILE BUS LANE,5290
204,2022-07,M23+,MOBILE BUS LANE,44
205,2022-07,M34+,MOBILE BUS LANE,96
206,2022-07,M86+,MOBILE BUS LANE,14
207,2022-08,B44+,MOBILE BUS LANE,370
208,2022-08,B46+,MOBILE BUS LANE,669
209,2022-08,M14+,MOBILE BUS LANE,570
210,2022-08,M15+,MOBILE BUS LANE,3618
211,2022-08,M23+,MOBILE BUS LANE,51
212,2022-08,M34+,MOBILE BUS LANE,88
213,2022-08,M86+,MOBILE BUS LANE,2
214,2022-08,Q44+,MOBILE BUS LANE,55
215,2022-09,B44+,MOBILE BUS LANE,458
216,2022-09,B46+,MOBILE BUS LANE,926
217,2022-09,M14+,MOBILE BUS LANE,374
218,2022-09,M15+,MOBILE BUS LANE,3306
219,2022-09,M23+,MOBILE BUS LANE,47
220,2022-09,M34+,MOBILE BUS LANE,35
221,2022-09,Q44+,MOBILE BUS LANE,640
222,2022-10,B44+,MOBILE BUS LANE,831
223,2022-10,B46+,MOBILE BUS LANE,1211
224,2022-10,M14+,MOBILE BUS LANE,806
225,2022-10,M15+,MOBILE BUS LANE,4546
226,2022-10,M23+,MOBILE BUS LANE,145
227,2022-10,M34+,MOBILE BUS LANE,79
228,2022-10,M86+,MOBILE BUS LANE,2
229,2022-10,Q44+,MOBILE BUS LANE,3380
230,2022-10,S79+,MOBILE BUS LANE,6
231,2022-11,B44+,MOBILE BUS LANE,710
232,2022-11,B46+,MOBILE BUS LANE,1797
233,2022-11,BX12+,MOBILE BUS LANE,468
234,2022-11,BX19,MOBILE BUS LANE,18
235,2022-11,BX41+,MOBILE BUS LANE,719
236,2022-11,M14+,MOBILE BUS LANE,841
237,2022-11,M15+,MOBILE BUS LANE,4958
238,2022-11,M23+,MOBILE BUS LANE,165
239,2022-11,M34+,MOBILE BUS LANE,77
240,2022-11,M86+,MOBILE BUS LANE,3
241,2022-11,Q43,MOBILE BUS LANE,126
242,2022-11,Q44+,MOBILE BUS LANE,3709
243,2022-11,S79+,MOBILE BUS LANE,218
244,2022-12,B25,MOBILE BUS LANE,786
245,2022-12,B42,MOBILE BUS LANE,190
246,2022-12,B44+,MOBILE BUS LANE,833
247,2022-12,B46+,MOBILE BUS LANE,1786
248,2022-12,B62,MOBILE BUS LANE,46
249,2022-12,BX12+,MOBILE BUS LANE,3676
250,2022-12,BX19,MOBILE BUS LANE,1147
251,2022-12,BX41+,MOBILE BUS LANE,4224
252,2022-12,M14+,MOBILE BUS LANE,878
253,2022-12,M15+,MOBILE BUS LANE,5138
254,2022-12,M23+,MOBILE BUS LANE,95
255,2022-12,M34+,MOBILE BUS LANE,77
256,2022-12,M86+,MOBILE BUS LANE,8
257,2022-12,Q43,MOBILE BUS LANE,1118
258,2022-12,Q44+,MOBILE BUS LANE,2837
259,2022-12,S79+,MOBILE BUS LANE,133
260,2023-01,B25,MOBILE BUS LANE,797
261,2023-01,B42,MOBILE BUS LANE,228
262,2023-01,B44+,MOBILE BUS LANE,767
263,2023-01,B46+,MOBILE BUS LANE,1349
264,2023-01,B62,MOBILE BUS LANE,92
265,2023-01,BX12+,MOBILE BUS LANE,5987
266,2023-01,BX19,MOBILE BUS LANE,2446
267,2023-01,BX41+,MOBILE BUS LANE,8349
268,2023-01,M14+,MOBILE BUS LANE,986
269,2023-01,M15+,MOBILE BUS LANE,5936
270,2023-01,M23+,MOBILE BUS LANE,117
271,2023-01,M34+,MOBILE BUS LANE,87
272,2023-01,M86+,MOBILE BUS LANE,6
273,2023-01,Q43,MOBILE BUS LANE,766
274,2023-01,Q44+,MOBILE BUS LANE,2404
275,2023-01,S79+,MOBILE BUS LANE,115
276,2023-02,B25,MOBILE BUS LANE,422
277,2023-02,B42,MOBILE BUS LANE,132
278,2023-02,B44+,MOBILE BUS LANE,604
279,2023-02,B46+,MOBILE BUS LANE,1261
280,2023-02,B62,MOBILE BUS LANE,48
281,2023-02,BX12+,MOBILE BUS LANE,5672
282,2023-02,BX19,MOBILE BUS LANE,1740
283,2023-02,BX41+,MOBILE BUS LANE,7010
284,2023-02,M14+,MOBILE BUS LANE,872
285,2023-02,M15+,MOBILE BUS LANE,4361
286,2023-02,M23+,MOBILE BUS LANE,178
287,2023-02,M34+,MOBILE BUS LANE,72
288,2023-02,M86+,MOBILE BUS LANE,6
289,2023-02,Q43,MOBILE BUS LANE,540
290,2023-02,Q44+,MOBILE BUS LANE,2381
291,2023-02,S79+,MOBILE BUS LANE,108
292,2023-03,B25,MOBILE BUS LANE,368
293,2023-03,B42,MOBILE BUS LANE,166
294,2023-03,B44+,MOBILE BUS LANE,796
295,2023-03,B46+,MOBILE BUS LANE,1503
296,2023-03,B62,MOBILE BUS LANE,72
297,2023-03,BX12+,MOBILE BUS LANE,6693
298,2023-03,BX19,MOBILE BUS LANE,1532
299,2023-03,BX41+,MOBILE BUS LANE,9151
300,2023-03,M14+,MOBILE BUS LANE,890
301,2023-03,M15+,MOBILE BUS LANE,5082
302,2023-03,M23+,MOBILE BUS LANE,73
303,2023-03,M34+,MOBILE BUS LANE,85
304,2023-03,M86+,MOBILE BUS LANE,6
305,2023-03,Q43,MOBILE BUS LANE,410
306,2023-03,Q44+,MOBILE BUS LANE,2600
307,2023-03,S79+,MOBILE BUS LANE,104
308,2023-04,B25,MOBILE BUS LANE,221
309,2023-04,B42,MOBILE BUS LANE,76
310,2023-04,B44+,MOBILE BUS LANE,428
311,2023-04,B46+,MOBILE BUS LANE,847
312,2023-04,B62,MOBILE BUS LANE,40
313,2023-04,BX12+,MOBILE BUS LANE,5115
314,2023-04,BX19,MOBILE BUS LANE,775
315,2023-04,BX41+,MOBILE BUS LANE,6093
316,2023-04,M14+,MOBILE BUS LANE,595
317,2023-04,M15+,MOBILE BUS LANE,4175
318,2023-04,M23+,MOBILE BUS LANE,111
319,2023-04,M34+,MOBILE BUS LANE,83
320,2023-04,M86+,MOBILE BUS LANE,15
321,2023-04,Q43,MOBILE BUS LANE,386
322,2023-04,Q44+,MOBILE BUS LANE,1792
323,2023-04,S79+,MOBILE BUS LANE,94
324,2023-05,B25,MOBILE BUS LANE,312
325,2023-05,B42,MOBILE BUS LANE,139
326,2023-05,B44+,MOBILE BUS LANE,379
327,2023-05,B46+,MOBILE BUS LANE,791
328,2023-05,B62,MOBILE BUS LANE,11
329,2023-05,BX12+,MOBILE BUS LANE,5017
330,2023-05,BX19,MOBILE BUS LANE,544
331,2023-05,BX35,MOBILE BUS LANE,1374
332,2023-05,BX41+,MOBILE BUS LANE,5234
333,2023-05,M14+,MOBILE BUS LANE,804
334,2023-05,M15+,MOBILE BUS LANE,4221
335,2023-05,M23+,MOBILE BUS LANE,48
336,2023-05,M34+,MOBILE BUS LANE,71
337,2023-05,M86+,MOBILE BUS LANE,29
338,2023-05,Q43,MOBILE BUS LANE,379
339,2023-05,Q44+,MOBILE BUS LANE,1559
340,2023-05,S79+,MOBILE BUS LANE,92
341,2023-06,B25,MOBILE BUS LANE,194
342,2023-06,B42,MOBILE BUS LANE,184
343,2023-06,B44+,MOBILE BUS LANE,335
344,2023-06,B46+,MOBILE BUS LANE,624
345,2023-06,B62,MOBILE BUS LANE,6
346,2023-06,BX12+,MOBILE BUS LANE,4134
347,2023-06,BX19,MOBILE BUS LANE,575
348,2023-06,BX35,MOBILE BUS LANE,831
349,2023-06,BX36,MOBILE BUS LANE,917
350,2023-06,BX41+,MOBILE BUS LANE,4606
351,2023-06,M14+,MOBILE BUS LANE,786
352,2023-06,M15+,MOBILE BUS LANE,3812
353,2023-06,M23+,MOBILE BUS LANE,57
354,2023-06,M34+,MOBILE BUS LANE,69
355,2023-06,M86+,MOBILE BUS LANE,26
356,2023-06,Q43,MOBILE BUS LANE,389
357,2023-06,Q44+,MOBILE BUS LANE,1700
358,2023-06,S79+,MOBILE BUS LANE,137
359,2023-07,B25,MOBILE BUS LANE,183
360,2023-07,B42,MOBILE BUS LANE,153
361,2023-07,B44+,MOBILE BUS LANE,407
362,2023-07,B46+,MOBILE BUS LANE,814
363,2023-07,B62,MOBILE BUS LANE,6
364,2023-07,BX12+,MOBILE BUS LANE,4207
365,2023-07,BX19,MOBILE BUS LANE,473
366,2023-07,BX35,MOBILE BUS LANE,659
367,2023-07,BX36,MOBILE BUS LANE,1202
368,2023-07,BX41+,MOBILE BUS LANE,5493
369,2023-07,M14+,MOBILE BUS LANE,641
370,2023-07,M15+,MOBILE BUS LANE,4050
371,2023-07,M23+,MOBILE BUS LANE,40
372,2023-07,M34+,MOBILE BUS LANE,54
373,2023-07,M86+,MOBILE BUS LANE,31
374,2023-07,Q43,MOBILE BUS LANE,321
375,2023-07,Q44+,MOBILE BUS LANE,1415
376,2023-07,Q58,MOBILE BUS LANE,244
377,2023-07,S79+,MOBILE BUS LANE,104
378,2023-08,B25,MOBILE BUS LANE,379
379,2023-08,B42,MOBILE BUS LANE,179
380,2023-08,B44+,MOBILE BUS LANE,361
381,2023-08,B46+,MOBILE BUS LANE,1093
382,2023-08,B62,MOBILE BUS LANE,20
383,2023-08,BX12+,MOBILE BUS LANE,5080
384,2023-08,BX19,MOBILE BUS LANE,733
385,2023-08,BX35,MOBILE BUS LANE,641
386,2023-08,BX36,MOBILE BUS LANE,1019
387,2023-08,BX41+,MOBILE BUS LANE,5853
388,2023-08,M14+,MOBILE BUS LANE,691
389,2023-08,M15+,MOBILE BUS LANE,4360
390,2023-08,M23+,MOBILE BUS LANE,78
391,2023-08,M34+,MOBILE BUS LANE,65
392,2023-08,M86+,MOBILE BUS LANE,22
393,2023-08,Q43,MOBILE BUS LANE,427
394,2023-08,Q44+,MOBILE BUS LANE,2104
395,2023-08,Q58,MOBILE BUS LANE,489
396,2023-08,S79+,MOBILE BUS LANE,119
397,2023-09,B25,MOBILE BUS LANE,503
398,2023-09,B42,MOBILE BUS LANE,233
399,2023-09,B44+,MOBILE BUS LANE,355
400,2023-09,B46+,MOBILE BUS LANE,739
401,2023-09,B62,MOBILE BUS LANE,30
402,2023-09,BX12+,MOBILE BUS LANE,4123
403,2023-09,BX19,MOBILE BUS LANE,1986
404,2023-09,BX35,MOBILE BUS LANE,751
405,2023-09,BX36,MOBILE BUS LANE,1230
406,2023-09,BX41+,MOBILE BUS LANE,5371
407,2023-09,M14+,MOBILE BUS LANE,403
408,2023-09,M15+,MOBILE BUS LANE,3370
409,2023-09,M23+,MOBILE BUS LANE,60
410,2023-09,M34+,MOBILE BUS LANE,37
411,2023-09,M86+,MOBILE BUS LANE,33
412,2023-09,Q43,MOBILE BUS LANE,577
413,2023-09,Q44+,MOBILE BUS LANE,2405
414,2023-09,Q58,MOBILE BUS LANE,489
415,2023-09,S79+,MOBILE BUS LANE,98
416,2023-10,B25,MOBILE BUS LANE,1295
417,2023-10,B26,MOBILE BUS LANE,8
418,2023-10,B42,MOBILE BUS LANE,162
419,2023-10,B62,MOBILE BUS LANE,35
420,2023-10,BX12+,MOBILE BUS LANE,3758
421,2023-10,BX19,MOBILE BUS LANE,2344
422,2023-10,BX35,MOBILE BUS LANE,814
423,2023-10,BX36,MOBILE BUS LANE,1218
424,2023-10,BX41+,MOBILE BUS LANE,6750
425,2023-10,M15+,MOBILE BUS LANE,164
426,2023-10,Q43,MOBILE BUS LANE,609
427,2023-10,Q44+,MOBILE BUS LANE,2638
428,2023-10,Q58,MOBILE BUS LANE,456
429,2023-10,S79+,MOBILE BUS LANE,188
430,2023-11,B25,MOBILE BUS LANE,1120
431,2023-11,B26,MOBILE BUS LANE,11
432,2023-11,B42,MOBILE BUS LANE,184
433,2023-11,B44+,MOBILE BUS LANE,640
434,2023-11,B46+,MOBILE BUS LANE,1452
435,2023-11,B62,MOBILE BUS LANE,31
436,2023-11,BX12+,MOBILE BUS LANE,3419
437,2023-11,BX19,MOBILE BUS LANE,1916
438,2023-11,BX35,MOBILE BUS LANE,760
439,2023-11,BX36,MOBILE BUS LANE,1049
440,2023-11,BX41+,MOBILE BUS LANE,4994
441,2023-11,M14+,MOBILE BUS LANE,107
442,2023-11,M15+,MOBILE BUS LANE,2111
443,2023-11,M23+,MOBILE BUS LANE,32
444,2023-11,M34+,MOBILE BUS LANE,46
445,2023-11,M86+,MOBILE BUS LANE,14
446,2023-11,Q43,MOBILE BUS LANE,628
447,2023-11,Q44+,MOBILE BUS LANE,2362
448,2023-11,Q54,MOBILE BUS LANE,2669
449,2023-11,Q58,MOBILE BUS LANE,400
450,2023-11,S79+,MOBILE BUS LANE,146
451,2023-12,B25,MOBILE BUS LANE,1127
452,2023-12,B26,MOBILE BUS LANE,20
453,2023-12,B42,MOBILE BUS LANE,120
454,2023-12,B44+,MOBILE BUS LANE,1649
455,2023-12,B46+,MOBILE BUS LANE,3230
456,2023-12,B62,MOBILE BUS LANE,23
457,2023-12,BX12+,MOBILE BUS LANE,3356
458,2023-12,BX19,MOBILE BUS LANE,1956
459,2023-12,BX35,MOBILE BUS LANE,746
460,2023-12,BX36,MOBILE BUS LANE,1177
461,2023-12,BX41+,MOBILE BUS LANE,6231
462,2023-12,M14+,MOBILE BUS LANE,873
463,2023-12,M15+,MOBILE BUS LANE,4748
464,2023-12,M23+,MOBILE BUS LANE,176
465,2023-12,M34+,MOBILE BUS LANE,384
466,2023-12,M86+,MOBILE BUS LANE,67
467,2023-12,Q43,MOBILE BUS LANE,583
468,2023-12,Q44+,MOBILE BUS LANE,2238
469,2023-12,Q54,MOBILE BUS LANE,3976
470,2023-12,Q58,MOBILE BUS LANE,409
471,2023-12,S79+,MOBILE BUS LANE,131
472,2024-01,B25,MOBILE BUS LANE,903
473,2024-01,B26,MOBILE BUS LANE,23
474,2024-01,B42,MOBILE BUS LANE,189
475,2024-01,B44+,MOBILE BUS LANE,1550
476,2024-01,B46+,MOBILE BUS LANE,2547
477,2024-01,B62,MOBILE BUS LANE,20
478,2024-01,BX12+,MOBILE BUS LANE,2903
479,2024-01,BX19,MOBILE BUS LANE,1773
480,2024-01,BX35,MOBILE BUS LANE,709
481,2024-01,BX36,MOBILE BUS LANE,979
482,2024-01,BX41+,MOBILE BUS LANE,5349
483,2024-01,M14+,MOBILE BUS LANE,1146
484,2024-01,M15+,MOBILE BUS LANE,6552
485,2024-01,M23+,MOBILE BUS LANE,274
486,2024-01,M34+,MOBILE BUS LANE,519
487,2024-01,M86+,MOBILE BUS LANE,54
488,2024-01,Q43,MOBILE BUS LANE,578
489,2024-01,Q44+,MOBILE BUS LANE,2295
490,2024-01,Q54,MOBILE BUS LANE,2791
491,2024-01,Q58,MOBILE BUS LANE,480
492,2024-01,S79+,MOBILE BUS LANE,92
493,2024-02,B25,MOBILE BUS LANE,512
494,2024-02,B26,MOBILE BUS LANE,18
495,2024-02,B42,MOBILE BUS LANE,119
496,2024-02,B44+,MOBILE BUS LANE,1242
497,2024-02,B46+,MOBILE BUS LANE,2748
498,2024-02,B62,MOBILE BUS LANE,15
499,2024-02,BX12+,MOBILE BUS LANE,2811
500,2024-02,BX19,MOBILE BUS LANE,1781
501,2024-02,BX35,MOBILE BUS LANE,636
502,2024-02,BX36,MOBILE BUS LANE,1002
503,2024-02,BX41+,MOBILE BUS LANE,4401
504,2024-02,M14+,MOBILE BUS LANE,1044
505,2024-02,M15+,MOBILE BUS LANE,5655
506,2024-02,M23+,MOBILE BUS LANE,287
507,2024-02,M34+,MOBILE BUS LANE,446
508,2024-02,M86+,MOBILE BUS LANE,63
509,2024-02,Q43,MOBILE BUS LANE,473
510,2024-02,Q44+,MOBILE BUS LANE,1818
511,2024-02,Q54,MOBILE BUS LANE,1183
512,2024-02,Q58,MOBILE BUS LANE,348
513,2024-02,S79+,MOBILE BUS LANE,88
514,2024-03,B25,MOBILE BUS LANE,463
515,2024-03,B26,MOBILE BUS LANE,21
516,2024-03,B42,MOBILE BUS LANE,127
517,2024-03,B44+,MOBILE BUS LANE,1263
518,2024-03,B46+,MOBILE BUS LANE,2722
519,2024-03,B62,MOBILE BUS LANE,8
520,2024-03,BX12+,MOBILE BUS LANE,2949
521,2024-03,BX19,MOBILE BUS LANE,1760
522,2024-03,BX35,MOBILE BUS LANE,702
523,2024-03,BX36,MOBILE BUS LANE,882
524,2024-03,BX41+,MOBILE BUS LANE,5639
525,2024-03,M14+,MOBILE BUS LANE,1119
526,2024-03,M15+,MOBILE BUS LANE,5177
527,2024-03,M23+,MOBILE BUS LANE,261
528,2024-03,M34+,MOBILE BUS LANE,438
529,2024-03,M86+,MOBILE BUS LANE,49
530,2024-03,Q43,MOBILE BUS LANE,476
531,2024-03,Q44+,MOBILE BUS LANE,2052
532,2024-03,Q54,MOBILE BUS LANE,1445
533,2024-03,Q58,MOBILE BUS LANE,322
534,2024-03,S79+,MOBILE BUS LANE,99
535,2024-04,B25,MOBILE BUS LANE,359
536,2024-04,B26,MOBILE BUS LANE,25
537,2024-04,B42,MOBILE BUS LANE,185
538,2024-04,B44+,MOBILE BUS LANE,1254
539,2024-04,B46+,MOBILE BUS LANE,3110
540,2024-04,B62,MOBILE BUS LANE,16
541,2024-04,BX12+,MOBILE BUS LANE,3226
542,2024-04,BX19,MOBILE BUS LANE,1668
543,2024-04,BX35,MOBILE BUS LANE,584
544,2024-04,BX36,MOBILE BUS LANE,951
545,2024-04,BX41+,MOBILE BUS LANE,5733
546,2024-04,M14+,MOBILE BUS LANE,974
547,2024-04,M15+,MOBILE BUS LANE,5588
548,2024-04,M23+,MOBILE BUS LANE,339
549,2024-04,M34+,MOBILE BUS LANE,234
550,2024-04,M86+,MOBILE BUS LANE,44
551,2024-04,Q43,MOBILE BUS LANE,636
552,2024-04,Q44+,MOBILE BUS LANE,1734
553,2024-04,Q54,MOBILE BUS LANE,1568
554,2024-04,Q58,MOBILE BUS LANE,378
555,2024-04,S79+,MOBILE BUS LANE,93
556,2024-05,B25,MOBILE BUS LANE,411
557,2024-05,B26,MOBILE BUS LANE,22
558,2024-05,B42,MOBILE BUS LANE,157
559,2024-05,B44+,MOBILE BUS LANE,1422
560,2024-05,B46+,MOBILE BUS LANE,2789
561,2024-05,B62,MOBILE BUS LANE,10
562,2024-05,BX12+,MOBILE BUS LANE,3068
563,2024-05,BX19,MOBILE BUS LANE,1886
564,2024-05,BX35,MOBILE BUS LANE,643
565,2024-05,BX36,MOBILE BUS LANE,1215
566,2024-05,BX41+,MOBILE BUS LANE,5334
567,2024-05,M14+,MOBILE BUS LANE,727
568,2024-05,M15+,MOBILE BUS LANE,5287
569,2024-05,M23+,MOBILE BUS LANE,239
570,2024-05,M34+,MOBILE BUS LANE,163
571,2024-05,M86+,MOBILE BUS LANE,24
572,2024-05,Q43,MOBILE BUS LANE,522
573,2024-05,Q44+,MOBILE BUS LANE,1577
574,2024-05,Q44+,MOBILE BUS STOP,49
575,2024-05,Q44+,MOBILE DOUBLE PARKED,163
576,2024-05,Q54,MOBILE BUS LANE,1695
577,2024-05,Q58,MOBILE BUS LANE,271
578,2024-05,S79+,MOBILE BUS LANE,86
579,2024-06,B25,MOBILE BUS LANE,415
580,2024-06,B26,MOBILE BUS LANE,9
581,2024-06,B42,MOBILE BUS LANE,143
582,2024-06,B44+,MOBILE BUS LANE,1088
583,2024-06,B44+,MOBILE BUS STOP,1447
584,2024-06,B44+,MOBILE DOUBLE PARKED,305
585,2024-06,B46+,MOBILE BUS LANE,2367
586,2024-06,B46+,MOBILE BUS STOP,1409
587,2024-06,B46+,MOBILE DOUBLE PARKED,552
588,2024-06,B62,MOBILE BUS LANE,161
589,2024-06,B62,MOBILE BUS STOP,973
590,2024-06,B62,MOBILE DOUBLE PARKED,58
591,2024-06,BX12+,MOBILE BUS LANE,2728
592,2024-06,BX12+,MOBILE BUS STOP,857
593,2024-06,BX12+,MOBILE DOUBLE PARKED,553
594,2024-06,BX19,MOBILE BUS LANE,1575
595,2024-06,BX19,MOBILE BUS STOP,3195
596,2024-06,BX19,MOBILE DOUBLE PARKED,5025
597,2024-06,BX35,MOBILE BUS LANE,680
598,2024-06,BX36,MOBILE BUS LANE,871
599,2024-06,BX36,MOBILE BUS STOP,2091
600,2024-06,BX36,MOBILE DOUBLE PARKED,1941
601,2024-06,BX41+,MOBILE BUS LANE,4772
602,2024-06,BX41+,MOBILE BUS STOP,942
603,2024-06,BX41+,MOBILE DOUBLE PARKED,523
604,2024-06,M14+,MOBILE BUS LANE,804
605,2024-06,M14+,MOBILE BUS STOP,423
606,2024-06,M14+,MOBILE DOUBLE PARKED,47
607,2024-06,M15+,MOBILE BUS LANE,4931
608,2024-06,M15+,MOBILE BUS STOP,1850
609,2024-06,M15+,MOBILE DOUBLE PARKED,358
610,2024-06,M23+,MOBILE BUS LANE,370
611,2024-06,M23+,MOBILE BUS STOP,121
612,2024-06,M23+,MOBILE DOUBLE PARKED,5
613,2024-06,M34+,MOBILE BUS LANE,260
614,2024-06,M34+,MOBILE BUS STOP,296
615,2024-06,M34+,MOBILE DOUBLE PARKED,37
616,2024-06,M86+,MOBILE BUS LANE,38
617,2024-06,Q43,MOBILE BUS LANE,467
618,2024-06,Q44+,MOBILE BUS LANE,1661
619,2024-06,Q44+,MOBILE BUS STOP,1040
620,2024-06,Q44+,MOBILE DOUBLE PARKED,816
621,2024-06,Q54,MOBILE BUS LANE,1673
622,2024-06,Q54,MOBILE BUS STOP,1665
623,2024-06,Q54,MOBILE DOUBLE PARKED,119
624,2024-06,Q58,MOBILE BUS LANE,271
625,2024-06,Q58,MOBILE BUS STOP,2364
626,2024-06,Q58,MOBILE DOUBLE PARKED,164
627,2024-06,S79+,MOBILE BUS LANE,77
628,2024-07,B25,MOBILE BUS LANE,438
629,2024-07,B26,MOBILE BUS LANE,19
630,2024-07,B42,MOBILE BUS LANE,199
631,2024-07,B44+,MOBILE BUS LANE,835
632,2024-07,B44+,MOBILE BUS STOP,4643
633,2024-07,B44+,MOBILE DOUBLE PARKED,564
634,2024-07,B46+,MOBILE BUS LANE,1679
635,2024-07,B46+,MOBILE BUS STOP,3996
636,2024-07,B46+,MOBILE DOUBLE PARKED,1142
637,2024-07,B62,MOBILE BUS LANE,65
638,2024-07,B62,MOBILE BUS STOP,3641
639,2024-07,B62,MOBILE DOUBLE PARKED,177
640,2024-07,BX12+,MOBILE BUS LANE,3363
641,2024-07,BX12+,MOBILE BUS STOP,3216
642,2024-07,BX12+,MOBILE DOUBLE PARKED,2283
643,2024-07,BX19,MOBILE BUS LANE,1565
644,2024-07,BX19,MOBILE BUS STOP,9694
645,2024-07,BX19,MOBILE DOUBLE PARKED,14721
646,2024-07,BX35,MOBILE BUS LANE,587
647,2024-07,BX36,MOBILE BUS LANE,812
648,2024-07,BX36,MOBILE BUS STOP,6940
649,2024-07,BX36,MOBILE DOUBLE PARKED,6233
650,2024-07,BX41+,MOBILE BUS LANE,4465
651,2024-07,BX41+,MOBILE BUS STOP,2962
652,2024-07,BX41+,MOBILE DOUBLE PARKED,1989
653,2024-07,M14+,MOBILE BUS LANE,1073
654,2024-07,M14+,MOBILE BUS STOP,1129
655,2024-07,M14+,MOBILE DOUBLE PARKED,53
656,2024-07,M15+,MOBILE BUS LANE,4601
657,2024-07,M15+,MOBILE BUS STOP,7189
658,2024-07,M15+,MOBILE DOUBLE PARKED,1058
659,2024-07,M23+,MOBILE BUS LANE,300
660,2024-07,M23+,MOBILE BUS STOP,402
661,2024-07,M23+,MOBILE DOUBLE PARKED,11
662,2024-07,M34+,MOBILE BUS LANE,397
663,2024-07,M34+,MOBILE BUS STOP,968
664,2024-07,M34+,MOBILE DOUBLE PARKED,198
665,2024-07,M86+,MOBILE BUS LANE,35
666,2024-07,Q43,MOBILE BUS LANE,553
667,2024-07,Q44+,MOBILE BUS LANE,1699
668,2024-07,Q44+,MOBILE BUS STOP,5655
669,2024-07,Q44+,MOBILE DOUBLE PARKED,2320
670,2024-07,Q54,MOBILE BUS LANE,1985
671,2024-07,Q54,MOBILE BUS STOP,4993
672,2024-07,Q54,MOBILE DOUBLE PARKED,276
673,2024-07,Q58,MOBILE BUS LANE,217
674,2024-07,Q58,MOBILE BUS STOP,6919
675,2024-07,Q58,MOBILE DOUBLE PARKED,463
676,2024-07,S79+,MOBILE BUS LANE,75
677,2024-08,B25,MOBILE BUS LANE,427
678,2024-08,B26,MOBILE BUS LANE,12
679,2024-08,B42,MOBILE BUS LANE,150
680,2024-08,B44+,MOBILE BUS LANE,970
681,2024-08,B44+,MOBILE BUS STOP,4522
682,2024-08,B44+,MOBILE DOUBLE PARKED,2373
683,2024-08,B46+,MOBILE BUS LANE,2137
684,2024-08,B46+,MOBILE BUS STOP,3526
685,2024-08,B46+,MOBILE DOUBLE PARKED,1935
686,2024-08,B62,MOBILE BUS LANE,3
687,2024-08,B62,MOBILE BUS STOP,1881
688,2024-08,B62,MOBILE DOUBLE PARKED,400
689,2024-08,BX12+,MOBILE BUS LANE,3053
690,2024-08,BX12+,MOBILE BUS STOP,2586
691,2024-08,BX12+,MOBILE DOUBLE PARKED,5477
692,2024-08,BX19,MOBILE BUS LANE,1449
693,2024-08,BX19,MOBILE BUS STOP,7573
694,2024-08,BX19,MOBILE DOUBLE PARKED,24694
695,2024-08,BX35,MOBILE BUS LANE,575
696,2024-08,BX36,MOBILE BUS LANE,799
697,2024-08,BX36,MOBILE BUS STOP,6525
698,2024-08,BX36,MOBILE DOUBLE PARKED,14458
699,2024-08,BX41+,MOBILE BUS LANE,4216
700,2024-08,BX41+,MOBILE BUS STOP,2809
701,2024-08,BX41+,MOBILE DOUBLE PARKED,4021
702,2024-08,M14+,MOBILE BUS LANE,922
703,2024-08,M14+,MOBILE BUS STOP,1052
704,2024-08,M14+,MOBILE DOUBLE PARKED,188
705,2024-08,M15+,MOBILE BUS LANE,4285
706,2024-08,M15+,MOBILE BUS STOP,7144
707,2024-08,M15+,MOBILE DOUBLE PARKED,1842
708,2024-08,M23+,MOBILE BUS LANE,418
709,2024-08,M23+,MOBILE BUS STOP,439
710,2024-08,M23+,MOBILE DOUBLE PARKED,47
711,2024-08,M34+,MOBILE BUS LANE,324
712,2024-08,M34+,MOBILE BUS STOP,968
713,2024-08,M34+,MOBILE DOUBLE PARKED,228
714,2024-08,M86+,MOBILE BUS LANE,55
715,2024-08,Q43,MOBILE BUS LANE,538
716,2024-08,Q44+,MOBILE BUS LANE,1918
717,2024-08,Q44+,MOBILE BUS STOP,6012
718,2024-08,Q44+,MOBILE DOUBLE PARKED,3163
719,2024-08,Q54,MOBILE BUS LANE,1527
720,2024-08,Q54,MOBILE BUS STOP,4110
721,2024-08,Q54,MOBILE DOUBLE PARKED,686
722,2024-08,Q58,MOBILE BUS LANE,184
723,2024-08,Q58,MOBILE BUS STOP,5820
724,2024-08,Q58,MOBILE DOUBLE PARKED,2984
725,2024-08,S79+,MOBILE BUS LANE,34
726,2024-09,B25,MOBILE BUS LANE,721
727,2024-09,B25,MOBILE BUS STOP,84
728,2024-09,B25,MOBILE DOUBLE PARKED,22
729,2024-09,B26,MOBILE BUS LANE,4
730,2024-09,B26,MOBILE BUS STOP,62
731,2024-09,B26,MOBILE DOUBLE PARKED,24
732,2024-09,B35,MOBILE BUS STOP,3629
733,2024-09,B41,MOBILE BUS LANE,228
734,2024-09,B41,MOBILE BUS STOP,2025
735,2024-09,B41,MOBILE DOUBLE PARKED,2262
736,2024-09,B42,MOBILE BUS LANE,128
737,2024-09,B42,MOBILE BUS STOP,108
738,2024-09,B42,MOBILE DOUBLE PARKED,28
739,2024-09,B44+,MOBILE BUS LANE,1355
740,2024-09,B44+,MOBILE BUS STOP,4737
741,2024-09,B44+,MOBILE DOUBLE PARKED,3512
742,2024-09,B46+,MOBILE BUS LANE,2515
743,2024-09,B46+,MOBILE BUS STOP,3479
744,2024-09,B46+,MOBILE DOUBLE PARKED,2866
745,2024-09,B62,MOBILE BUS LANE,72
746,2024-09,B62,MOBILE BUS STOP,1693
747,2024-09,B62,MOBILE DOUBLE PARKED,330
748,2024-09,B82+,MOBILE BUS LANE,62
749,2024-09,B82+,MOBILE BUS STOP,503
750,2024-09,B82+,MOBILE DOUBLE PARKED,272
751,2024-09,BX12+,MOBILE BUS LANE,2298
752,2024-09,BX12+,MOBILE BUS STOP,1569
753,2024-09,BX12+,MOBILE DOUBLE PARKED,4578
754,2024-09,BX19,MOBILE BUS LANE,1294
755,2024-09,BX19,MOBILE BUS STOP,5739
756,2024-09,BX19,MOBILE DOUBLE PARKED,21296
757,2024-09,BX28,MOBILE BUS LANE,383
758,2024-09,BX28,MOBILE BUS STOP,1272
759,2024-09,BX28,MOBILE DOUBLE PARKED,2268
760,2024-09,BX35,MOBILE BUS LANE,533
761,2024-09,BX35,MOBILE BUS STOP,505
762,2024-09,BX35,MOBILE DOUBLE PARKED,3246
763,2024-09,BX36,MOBILE BUS LANE,691
764,2024-09,BX36,MOBILE BUS STOP,4905
765,2024-09,BX36,MOBILE DOUBLE PARKED,14073
766,2024-09,BX38,MOBILE BUS STOP,497
767,2024-09,BX38,MOBILE DOUBLE PARKED,1921
768,2024-09,BX41+,MOBILE BUS LANE,3508
769,2024-09,BX41+,MOBILE BUS STOP,1813
770,2024-09,BX41+,MOBILE DOUBLE PARKED,3326
771,2024-09,BX6+,MOBILE BUS LANE,23
772,2024-09,BX6+,MOBILE BUS STOP,175
773,2024-09,BX6+,MOBILE DOUBLE PARKED,449
774,2024-09,M101,MOBILE BUS LANE,2630
775,2024-09,M101,MOBILE BUS STOP,5032
776,2024-09,M101,MOBILE DOUBLE PARKED,4483
777,2024-09,M14+,MOBILE BUS LANE,909
778,2024-09,M14+,MOBILE BUS STOP,878
779,2024-09,M14+,MOBILE DOUBLE PARKED,297
780,2024-09,M15+,MOBILE BUS LANE,4747
781,2024-09,M15+,MOBILE BUS STOP,5801
782,2024-09,M15+,MOBILE DOUBLE PARKED,1899
783,2024-09,M23+,MOBILE BUS LANE,330
784,2024-09,M23+,MOBILE BUS STOP,298
785,2024-09,M23+,MOBILE DOUBLE PARKED,35
786,2024-09,M34+,MOBILE BUS LANE,268
787,2024-09,M34+,MOBILE BUS STOP,750
788,2024-09,M34+,MOBILE DOUBLE PARKED,138
789,2024-09,M60+,MOBILE BUS LANE,267
790,2024-09,M60+,MOBILE BUS STOP,113
791,2024-09,M60+,MOBILE DOUBLE PARKED,135
792,2024-09,M79+,MOBILE BUS LANE,63
793,2024-09,M79+,MOBILE BUS STOP,38
794,2024-09,M79+,MOBILE DOUBLE PARKED,160
795,2024-09,M86+,MOBILE BUS LANE,59
796,2024-09,M86+,MOBILE BUS STOP,63
797,2024-09,M86+,MOBILE DOUBLE PARKED,190
798,2024-09,Q43,MOBILE BUS LANE,483
799,2024-09,Q43,MOBILE BUS STOP,1038
800,2024-09,Q43,MOBILE DOUBLE PARKED,477
801,2024-09,Q44+,MOBILE BUS LANE,1767
802,2024-09,Q44+,MOBILE BUS STOP,4179
803,2024-09,Q44+,MOBILE DOUBLE PARKED,2588
804,2024-09,Q5,MOBILE BUS LANE,83
805,2024-09,Q5,MOBILE BUS STOP,130
806,2024-09,Q5,MOBILE DOUBLE PARKED,24
807,2024-09,Q53+,MOBILE BUS LANE,31
808,2024-09,Q53+,MOBILE BUS STOP,97
809,2024-09,Q53+,MOBILE DOUBLE PARKED,24
810,2024-09,Q54,MOBILE BUS LANE,1596
811,2024-09,Q54,MOBILE BUS STOP,3522
812,2024-09,Q54,MOBILE DOUBLE PARKED,677
813,2024-09,Q58,MOBILE BUS LANE,262
814,2024-09,Q58,MOBILE BUS STOP,4525
815,2024-09,Q58,MOBILE DOUBLE PARKED,2905
816,2024-09,Q69,MOBILE BUS LANE,5
817,2024-09,Q69,MOBILE BUS STOP,21
818,2024-09,Q69,MOBILE DOUBLE PARKED,3
819,2024-09,S46,MOBILE BUS LANE,706
820,2024-09,S46,MOBILE BUS STOP,344
821,2024-09,S46,MOBILE DOUBLE PARKED,2810
822,2024-09,S79+,MOBILE BUS LANE,41
823,2024-09,S79+,MOBILE BUS STOP,448
824,2024-09,S79+,MOBILE DOUBLE PARKED,686
825,2024-10,B25,MOBILE BUS LANE,1227
826,2024-10,B25,MOBILE BUS STOP,2038
827,2024-10,B25,MOBILE DOUBLE PARKED,643
828,2024-10,B26,MOBILE BUS LANE,27
829,2024-10,B26,MOBILE BUS STOP,2498
830,2024-10,B26,MOBILE DOUBLE PARKED,432
831,2024-10,B35,MOBILE BUS STOP,9077
832,2024-10,B41,MOBILE BUS LANE,1440
833,2024-10,B41,MOBILE BUS STOP,5381
834,2024-10,B41,MOBILE DOUBLE PARKED,4353
835,2024-10,B42,MOBILE BUS LANE,267
836,2024-10,B42,MOBILE BUS STOP,396
837,2024-10,B42,MOBILE DOUBLE PARKED,46
838,2024-10,B44+,MOBILE BUS LANE,1753
839,2024-10,B44+,MOBILE BUS STOP,6502
840,2024-10,B44+,MOBILE DOUBLE PARKED,3543
841,2024-10,B46+,MOBILE BUS LANE,2611
842,2024-10,B46+,MOBILE BUS STOP,4497
843,2024-10,B46+,MOBILE DOUBLE PARKED,2286
844,2024-10,B62,MOBILE BUS LANE,3
845,2024-10,B62,MOBILE BUS STOP,1207
846,2024-10,B62,MOBILE DOUBLE PARKED,271
847,2024-10,B82+,MOBILE BUS LANE,1212
848,2024-10,B82+,MOBILE BUS STOP,7934
849,2024-10,B82+,MOBILE DOUBLE PARKED,4425
850,2024-10,BX12+,MOBILE BUS LANE,2929
851,2024-10,BX12+,MOBILE BUS STOP,2086
852,2024-10,BX12+,MOBILE DOUBLE PARKED,4570
853,2024-10,BX19,MOBILE BUS LANE,1237
854,2024-10,BX19,MOBILE BUS STOP,6879
855,2024-10,BX19,MOBILE DOUBLE PARKED,19117
856,2024-10,BX28,MOBILE BUS LANE,595
857,2024-10,BX28,MOBILE BUS STOP,3365
858,2024-10,BX28,MOBILE DOUBLE PARKED,4358
859,2024-10,BX35,MOBILE BUS LANE,532
860,2024-10,BX35,MOBILE BUS STOP,2006
861,2024-10,BX35,MOBILE DOUBLE PARKED,7136
862,2024-10,BX36,MOBILE BUS LANE,689
863,2024-10,BX36,MOBILE BUS STOP,5907
864,2024-10,BX36,MOBILE DOUBLE PARKED,13775
865,2024-10,BX38,MOBILE BUS STOP,1300
866,2024-10,BX38,MOBILE DOUBLE PARKED,3295
867,2024-10,BX41+,MOBILE BUS LANE,3767
868,2024-10,BX41+,MOBILE BUS STOP,2429
869,2024-10,BX41+,MOBILE DOUBLE PARKED,3798
870,2024-10,BX6+,MOBILE BUS LANE,717
871,2024-10,BX6+,MOBILE BUS STOP,5818
872,2024-10,BX6+,MOBILE DOUBLE PARKED,10452
873,2024-10,M101,MOBILE BUS LANE,2631
874,2024-10,M101,MOBILE BUS STOP,14239
875,2024-10,M101,MOBILE DOUBLE PARKED,15270
876,2024-10,M14+,MOBILE BUS LANE,1154
877,2024-10,M14+,MOBILE BUS STOP,1245
878,2024-10,M14+,MOBILE DOUBLE PARKED,389
879,2024-10,M15+,MOBILE BUS LANE,6480
880,2024-10,M15+,MOBILE BUS STOP,10201
881,2024-10,M15+,MOBILE DOUBLE PARKED,3426
882,2024-10,M23+,MOBILE BUS LANE,429
883,2024-10,M23+,MOBILE BUS STOP,504
884,2024-10,M23+,MOBILE DOUBLE PARKED,52
885,2024-10,M34+,MOBILE BUS LANE,409
886,2024-10,M34+,MOBILE BUS STOP,1135
887,2024-10,M34+,MOBILE DOUBLE PARKED,177
888,2024-10,M60+,MOBILE BUS LANE,7834
889,2024-10,M60+,MOBILE BUS STOP,4590
890,2024-10,M60+,MOBILE DOUBLE PARKED,5220
891,2024-10,M79+,MOBILE BUS LANE,1534
892,2024-10,M79+,MOBILE BUS STOP,820
893,2024-10,M79+,MOBILE DOUBLE PARKED,3175
894,2024-10,M86+,MOBILE BUS LANE,257
895,2024-10,M86+,MOBILE BUS STOP,1065
896,2024-10,M86+,MOBILE DOUBLE PARKED,3628
897,2024-10,Q43,MOBILE BUS LANE,730
898,2024-10,Q43,MOBILE BUS STOP,3977
899,2024-10,Q43,MOBILE DOUBLE PARKED,1477
900,2024-10,Q44+,MOBILE BUS LANE,1669
901,2024-10,Q44+,MOBILE BUS STOP,4883
902,2024-10,Q44+,MOBILE DOUBLE PARKED,2489
903,2024-10,Q5,MOBILE BUS LANE,1672
904,2024-10,Q5,MOBILE BUS STOP,3565
905,2024-10,Q5,MOBILE DOUBLE PARKED,464
906,2024-10,Q53+,MOBILE BUS LANE,1118
907,2024-10,Q53+,MOBILE BUS STOP,4064
908,2024-10,Q53+,MOBILE DOUBLE PARKED,745
909,2024-10,Q54,MOBILE BUS LANE,1743
910,2024-10,Q54,MOBILE BUS STOP,4692
911,2024-10,Q54,MOBILE DOUBLE PARKED,955
912,2024-10,Q58,MOBILE BUS LANE,266
913,2024-10,Q58,MOBILE BUS STOP,5214
914,2024-10,Q58,MOBILE DOUBLE PARKED,2863
915,2024-10,Q69,MOBILE BUS LANE,119
916,2024-10,Q69,MOBILE BUS STOP,340
917,2024-10,Q69,MOBILE DOUBLE PARKED,70
918,2024-10,S46,MOBILE BUS LANE,1312
919,2024-10,S46,MOBILE BUS STOP,1259
920,2024-10,S46,MOBILE DOUBLE PARKED,5959
921,2024-10,S79+,MOBILE BUS LANE,90
922,2024-10,S79+,MOBILE BUS STOP,1147
923,2024-10,S79+,MOBILE DOUBLE PARKED,1493
924,2024-11,B25,MOBILE BUS LANE,1098
925,2024-11,B25,MOBILE BUS STOP,1934
926,2024-11,B25,MOBILE DOUBLE PARKED,577
927,2024-11,B26,MOBILE BUS LANE,19
928,2024-11,B26,MOBILE BUS STOP,2396
929,2024-11,B26,MOBILE DOUBLE PARKED,486
930,2024-11,B35,MOBILE BUS STOP,8706
931,2024-11,B41,MOBILE BUS LANE,743
932,2024-11,B41,MOBILE BUS STOP,4710
933,2024-11,B41,MOBILE DOUBLE PARKED,5061
934,2024-11,B42,MOBILE BUS LANE,330
935,2024-11,B42,MOBILE BUS STOP,457
936,2024-11,B42,MOBILE DOUBLE PARKED,54
937,2024-11,B44+,MOBILE BUS LANE,1423
938,2024-11,B44+,MOBILE BUS STOP,6491
939,2024-11,B44+,MOBILE DOUBLE PARKED,3954
940,2024-11,B46+,MOBILE BUS LANE,2206
941,2024-11,B46+,MOBILE BUS STOP,3961
942,2024-11,B46+,MOBILE DOUBLE PARKED,2516
943,2024-11,B62,MOBILE BUS LANE,1
944,2024-11,B62,MOBILE BUS STOP,1205
945,2024-11,B62,MOBILE DOUBLE PARKED,331
946,2024-11,B82+,MOBILE BUS LANE,1147
947,2024-11,B82+,MOBILE BUS STOP,6714
948,2024-11,B82+,MOBILE DOUBLE PARKED,4415
949,2024-11,BX12+,MOBILE BUS LANE,2358
950,2024-11,BX12+,MOBILE BUS STOP,1875
951,2024-11,BX12+,MOBILE DOUBLE PARKED,4555
952,2024-11,BX19,MOBILE BUS LANE,1478
953,2024-11,BX19,MOBILE BUS STOP,6512
954,2024-11,BX19,MOBILE DOUBLE PARKED,16562
955,2024-11,BX28,MOBILE BUS LANE,585
956,2024-11,BX28,MOBILE BUS STOP,2884
957,2024-11,BX28,MOBILE DOUBLE PARKED,4110
958,2024-11,BX35,MOBILE BUS LANE,364
959,2024-11,BX35,MOBILE BUS STOP,918
960,2024-11,BX35,MOBILE DOUBLE PARKED,5825
961,2024-11,BX36,MOBILE BUS LANE,531
962,2024-11,BX36,MOBILE BUS STOP,5328
963,2024-11,BX36,MOBILE DOUBLE PARKED,11446
964,2024-11,BX38,MOBILE BUS STOP,1042
965,2024-11,BX38,MOBILE DOUBLE PARKED,2631
966,2024-11,BX41+,MOBILE BUS LANE,3058
967,2024-11,BX41+,MOBILE BUS STOP,2329
968,2024-11,BX41+,MOBILE DOUBLE PARKED,3201
969,2024-11,BX6+,MOBILE BUS LANE,616
970,2024-11,BX6+,MOBILE BUS STOP,5091
971,2024-11,BX6+,MOBILE DOUBLE PARKED,8814
972,2024-11,M101,MOBILE BUS LANE,1870
973,2024-11,M101,MOBILE BUS STOP,13070
974,2024-11,M101,MOBILE DOUBLE PARKED,14052
975,2024-11,M14+,MOBILE BUS LANE,943
976,2024-11,M14+,MOBILE BUS STOP,1104
977,2024-11,M14+,MOBILE DOUBLE PARKED,293
978,2024-11,M15+,MOBILE BUS LANE,5382
979,2024-11,M15+,MOBILE BUS STOP,8352
980,2024-11,M15+,MOBILE DOUBLE PARKED,3246
981,2024-11,M23+,MOBILE BUS LANE,393
982,2024-11,M23+,MOBILE BUS STOP,477
983,2024-11,M23+,MOBILE DOUBLE PARKED,74
984,2024-11,M34+,MOBILE BUS LANE,342
985,2024-11,M34+,MOBILE BUS STOP,913
986,2024-11,M34+,MOBILE DOUBLE PARKED,239
987,2024-11,M60+,MOBILE BUS LANE,6912
988,2024-11,M60+,MOBILE BUS STOP,3906
989,2024-11,M60+,MOBILE DOUBLE PARKED,4944
990,2024-11,M79+,MOBILE BUS LANE,613
991,2024-11,M79+,MOBILE BUS STOP,681
992,2024-11,M79+,MOBILE DOUBLE PARKED,2399
993,2024-11,M86+,MOBILE BUS LANE,167
994,2024-11,M86+,MOBILE BUS STOP,1007
995,2024-11,M86+,MOBILE DOUBLE PARKED,3256
996,2024-11,Q43,MOBILE BUS LANE,702
997,2024-11,Q43,MOBILE BUS STOP,3794
998,2024-11,Q43,MOBILE DOUBLE PARKED,1683
999,2024-11,Q44+,MOBILE BUS LANE,1768
1000,2024-11,Q44+,MOBILE BUS STOP,4064
1001,2024-11,Q44+,MOBILE DOUBLE PARKED,1961
1002,2024-11,Q5,MOBILE BUS LANE,780
1003,2024-11,Q5,MOBILE BUS STOP,3138
1004,2024-11,Q5,MOBILE DOUBLE PARKED,506
1005,2024-11,Q53+,MOBILE BUS LANE,1060
1006,2024-11,Q53+,MOBILE BUS STOP,2857
1007,2024-11,Q53+,MOBILE DOUBLE PARKED,746
1008,2024-11,Q54,MOBILE BUS LANE,2092
1009,2024-11,Q54,MOBILE BUS STOP,4213
1010,2024-11,Q54,MOBILE DOUBLE PARKED,1004
1011,2024-11,Q58,MOBILE BUS LANE,158
1012,2024-11,Q58,MOBILE BUS STOP,4872
1013,2024-11,Q58,MOBILE DOUBLE PARKED,2873
1014,2024-11,Q69,MOBILE BUS LANE,104
1015,2024-11,Q69,MOBILE BUS STOP,336
1016,2024-11,Q69,MOBILE DOUBLE PARKED,52
1017,2024-11,S46,MOBILE BUS LANE,980
1018,2024-11,S46,MOBILE BUS STOP,1081
1019,2024-11,S46,MOBILE DOUBLE PARKED,6186
1020,2024-11,S79+,MOBILE BUS LANE,60
1021,2024-11,S79+,MOBILE BUS STOP,827
1022,2024-11,S79+,MOBILE DOUBLE PARKED,1092
1023,2024-12,B25,MOBILE BUS LANE,1034
1024,2024-12,B25,MOBILE BUS STOP,1702
1025,2024-12,B25,MOBILE DOUBLE PARKED,496
1026,2024-12,B26,MOBILE BUS LANE,14
1027,2024-12,B26,MOBILE BUS STOP,2078
1028,2024-12,B26,MOBILE DOUBLE PARKED,440
1029,2024-12,B35,MOBILE BUS STOP,8511
1030,2024-12,B41,MOBILE BUS LANE,684
1031,2024-12,B41,MOBILE BUS STOP,5143
1032,2024-12,B41,MOBILE DOUBLE PARKED,5950
1033,2024-12,B42,MOBILE BUS LANE,345
1034,2024-12,B42,MOBILE BUS STOP,494
1035,2024-12,B42,MOBILE DOUBLE PARKED,55
1036,2024-12,B44+,MOBILE BUS LANE,1403
1037,2024-12,B44+,MOBILE BUS STOP,5991
1038,2024-12,B44+,MOBILE DOUBLE PARKED,3367
1039,2024-12,B46+,MOBILE BUS LANE,2631
1040,2024-12,B46+,MOBILE BUS STOP,4232
1041,2024-12,B46+,MOBILE DOUBLE PARKED,2572
1042,2024-12,B62,MOBILE BUS LANE,2
1043,2024-12,B62,MOBILE BUS STOP,1138
1044,2024-12,B62,MOBILE DOUBLE PARKED,336
1045,2024-12,B82+,MOBILE BUS LANE,1154
1046,2024-12,B82+,MOBILE BUS STOP,6777
1047,2024-12,B82+,MOBILE DOUBLE PARKED,4764
1048,2024-12,BX12+,MOBILE BUS LANE,2483
1049,2024-12,BX12+,MOBILE BUS STOP,2177
1050,2024-12,BX12+,MOBILE DOUBLE PARKED,4327
1051,2024-12,BX19,MOBILE BUS LANE,1425
1052,2024-12,BX19,MOBILE BUS STOP,6282
1053,2024-12,BX19,MOBILE DOUBLE PARKED,14646
1054,2024-12,BX28,MOBILE BUS LANE,470
1055,2024-12,BX28,MOBILE BUS STOP,2930
1056,2024-12,BX28,MOBILE DOUBLE PARKED,3338
1057,2024-12,BX35,MOBILE BUS LANE,441
1058,2024-12,BX35,MOBILE BUS STOP,1105
1059,2024-12,BX35,MOBILE DOUBLE PARKED,3965
1060,2024-12,BX36,MOBILE BUS LANE,554
1061,2024-12,BX36,MOBILE BUS STOP,4450
1062,2024-12,BX36,MOBILE DOUBLE PARKED,9402
1063,2024-12,BX38,MOBILE BUS STOP,973
1064,2024-12,BX38,MOBILE DOUBLE PARKED,2541
1065,2024-12,BX41+,MOBILE BUS LANE,2824
1066,2024-12,BX41+,MOBILE BUS STOP,1997
1067,2024-12,BX41+,MOBILE DOUBLE PARKED,2872
1068,2024-12,BX6+,MOBILE BUS LANE,509
1069,2024-12,BX6+,MOBILE BUS STOP,3715
1070,2024-12,BX6+,MOBILE DOUBLE PARKED,6771
1071,2024-12,M101,MOBILE BUS LANE,1566
1072,2024-12,M101,MOBILE BUS STOP,10711
1073,2024-12,M101,MOBILE DOUBLE PARKED,10757
1074,2024-12,M14+,MOBILE BUS LANE,794
1075,2024-12,M14+,MOBILE BUS STOP,1092
1076,2024-12,M14+,MOBILE DOUBLE PARKED,211
1077,2024-12,M15+,MOBILE BUS LANE,4741
1078,2024-12,M15+,MOBILE BUS STOP,7877
1079,2024-12,M15+,MOBILE DOUBLE PARKED,2423
1080,2024-12,M23+,MOBILE BUS LANE,332
1081,2024-12,M23+,MOBILE BUS STOP,401
1082,2024-12,M23+,MOBILE DOUBLE PARKED,28
1083,2024-12,M34+,MOBILE BUS LANE,343
1084,2024-12,M34+,MOBILE BUS STOP,839
1085,2024-12,M34+,MOBILE DOUBLE PARKED,156
1086,2024-12,M60+,MOBILE BUS LANE,7961
1087,2024-12,M60+,MOBILE BUS STOP,4284
1088,2024-12,M60+,MOBILE DOUBLE PARKED,5003
1089,2024-12,M79+,MOBILE BUS LANE,448
1090,2024-12,M79+,MOBILE BUS STOP,517
1091,2024-12,M79+,MOBILE DOUBLE PARKED,1788
1092,2024-12,M86+,MOBILE BUS LANE,128
1093,2024-12,M86+,MOBILE BUS STOP,829
1094,2024-12,M86+,MOBILE DOUBLE PARKED,2640
1095,2024-12,Q43,MOBILE BUS LANE,841
1096,2024-12,Q43,MOBILE BUS STOP,3622
1097,2024-12,Q43,MOBILE DOUBLE PARKED,1570
1098,2024-12,Q44+,MOBILE BUS LANE,1367
1099,2024-12,Q44+,MOBILE BUS STOP,4670
1100,2024-12,Q44+,MOBILE DOUBLE PARKED,2106
1101,2024-12,Q5,MOBILE BUS LANE,665
1102,2024-12,Q5,MOBILE BUS STOP,2846
1103,2024-12,Q5,MOBILE DOUBLE PARKED,478
1104,2024-12,Q53+,MOBILE BUS LANE,539
1105,2024-12,Q53+,MOBILE BUS STOP,2353
1106,2024-12,Q53+,MOBILE DOUBLE PARKED,617
1107,2024-12,Q54,MOBILE BUS LANE,353
1108,2024-12,Q54,MOBILE BUS STOP,3805
1109,2024-12,Q54,MOBILE DOUBLE PARKED,1027
1110,2024-12,Q58,MOBILE BUS LANE,268
1111,2024-12,Q58,MOBILE BUS STOP,4742
1112,2024-12,Q58,MOBILE DOUBLE PARKED,2933
1113,2024-12,Q69,MOBILE BUS LANE,127
1114,2024-12,Q69,MOBILE BUS STOP,322
1115,2024-12,Q69,MOBILE DOUBLE PARKED,97
1116,2024-12,S46,MOBILE BUS LANE,889
1117,2024-12,S46,MOBILE BUS STOP,854
1118,2024-12,S46,MOBILE DOUBLE PARKED,7179
1119,2024-12,S79+,MOBILE BUS LANE,81
1120,2024-12,S79+,MOBILE BUS STOP,858
1121,2024-12,S79+,MOBILE DOUBLE PARKED,1171
1122,2025-01,B25,MOBILE BUS LANE,1180
1123,2025-01,B25,MOBILE BUS STOP,1552
1124,2025-01,B25,MOBILE DOUBLE PARKED,539
1125,2025-01,B26,MOBILE BUS LANE,12
1126,2025-01,B26,MOBILE BUS STOP,2147
1127,2025-01,B26,MOBILE DOUBLE PARKED,406
1128,2025-01,B35,MOBILE BUS LANE,35
1129,2025-01,B35,MOBILE BUS STOP,7390
1130,2025-01,B35,MOBILE DOUBLE PARKED,202
1131,2025-01,B41,MOBILE BUS LANE,826
1132,2025-01,B41,MOBILE BUS STOP,4307
1133,2025-01,B41,MOBILE DOUBLE PARKED,4574
1134,2025-01,B42,MOBILE BUS LANE,182
1135,2025-01,B42,MOBILE BUS STOP,451
1136,2025-01,B42,MOBILE DOUBLE PARKED,60
1137,2025-01,B44+,MOBILE BUS LANE,1316
1138,2025-01,B44+,MOBILE BUS STOP,5770
1139,2025-01,B44+,MOBILE DOUBLE PARKED,3631
1140,2025-01,B46+,MOBILE BUS LANE,1928
1141,2025-01,B46+,MOBILE BUS STOP,3612
1142,2025-01,B46+,MOBILE DOUBLE PARKED,1964
1143,2025-01,B62,MOBILE BUS STOP,956
1144,2025-01,B62,MOBILE DOUBLE PARKED,301
1145,2025-01,B82+,MOBILE BUS LANE,898
1146,2025-01,B82+,MOBILE BUS STOP,6841
1147,2025-01,B82+,MOBILE DOUBLE PARKED,4167
1148,2025-01,BX12+,MOBILE BUS LANE,2037
1149,2025-01,BX12+,MOBILE BUS STOP,1676
1150,2025-01,BX12+,MOBILE DOUBLE PARKED,3361
1151,2025-01,BX19,MOBILE BUS LANE,1483
1152,2025-01,BX19,MOBILE BUS STOP,5308
1153,2025-01,BX19,MOBILE DOUBLE PARKED,13516
1154,2025-01,BX28,MOBILE BUS LANE,448
1155,2025-01,BX28,MOBILE BUS STOP,2183
1156,2025-01,BX28,MOBILE DOUBLE PARKED,3024
1157,2025-01,BX28-BX38,MOBILE BUS LANE,29
1158,2025-01,BX35,MOBILE BUS LANE,384
1159,2025-01,BX35,MOBILE BUS STOP,1060
1160,2025-01,BX35,MOBILE DOUBLE PARKED,4169
1161,2025-01,BX36,MOBILE BUS LANE,451
1162,2025-01,BX36,MOBILE BUS STOP,4286
1163,2025-01,BX36,MOBILE DOUBLE PARKED,9921
1164,2025-01,BX38,MOBILE BUS STOP,640
1165,2025-01,BX38,MOBILE DOUBLE PARKED,2690
1166,2025-01,BX41+,MOBILE BUS LANE,3002
1167,2025-01,BX41+,MOBILE BUS STOP,2163
1168,2025-01,BX41+,MOBILE DOUBLE PARKED,3191
1169,2025-01,BX6+,MOBILE BUS LANE,565
1170,2025-01,BX6+,MOBILE BUS STOP,3816
1171,2025-01,BX6+,MOBILE DOUBLE PARKED,6845
1172,2025-01,M101,MOBILE BUS LANE,1979
1173,2025-01,M101,MOBILE BUS STOP,11228
1174,2025-01,M101,MOBILE DOUBLE PARKED,13423
1175,2025-01,M14+,MOBILE BUS LANE,722
1176,2025-01,M14+,MOBILE BUS STOP,914
1177,2025-01,M14+,MOBILE DOUBLE PARKED,267
1178,2025-01,M15+,MOBILE BUS LANE,5062
1179,2025-01,M15+,MOBILE BUS STOP,7707
1180,2025-01,M15+,MOBILE DOUBLE PARKED,2842
1181,2025-01,M23+,MOBILE BUS LANE,373
1182,2025-01,M23+,MOBILE BUS STOP,439
1183,2025-01,M23+,MOBILE DOUBLE PARKED,44
1184,2025-01,M34+,MOBILE BUS LANE,393
1185,2025-01,M34+,MOBILE BUS STOP,809
1186,2025-01,M34+,MOBILE DOUBLE PARKED,181
1187,2025-01,M60+,MOBILE BUS LANE,4808
1188,2025-01,M60+,MOBILE BUS STOP,3265
1189,2025-01,M60+,MOBILE DOUBLE PARKED,4007
1190,2025-01,M79+,MOBILE BUS LANE,606
1191,2025-01,M79+,MOBILE BUS STOP,799
1192,2025-01,M79+,MOBILE DOUBLE PARKED,2696
1193,2025-01,M86+,MOBILE BUS LANE,205
1194,2025-01,M86+,MOBILE BUS STOP,815
1195,2025-01,M86+,MOBILE DOUBLE PARKED,3193
1196,2025-01,Q43,MOBILE BUS LANE,769
1197,2025-01,Q43,MOBILE BUS STOP,2808
1198,2025-01,Q43,MOBILE DOUBLE PARKED,1230
1199,2025-01,Q44+,MOBILE BUS LANE,1384
1200,2025-01,Q44+,MOBILE BUS STOP,4649
1201,2025-01,Q44+,MOBILE DOUBLE PARKED,2168
1202,2025-01,Q5,MOBILE BUS LANE,655
1203,2025-01,Q5,MOBILE BUS STOP,2251
1204,2025-01,Q5,MOBILE DOUBLE PARKED,294
1205,2025-01,Q53+,MOBILE BUS LANE,471
1206,2025-01,Q53+,MOBILE BUS STOP,2247
1207,2025-01,Q53+,MOBILE DOUBLE PARKED,561
1208,2025-01,Q54,MOBILE BUS LANE,43
1209,2025-01,Q54,MOBILE BUS STOP,3480
1210,2025-01,Q54,MOBILE DOUBLE PARKED,957
1211,2025-01,Q58,MOBILE BUS LANE,322
1212,2025-01,Q58,MOBILE BUS STOP,4720
1213,2025-01,Q58,MOBILE DOUBLE PARKED,2958
1214,2025-01,Q69,MOBILE BUS LANE,145
1215,2025-01,Q69,MOBILE BUS STOP,350
1216,2025-01,Q69,MOBILE DOUBLE PARKED,131
1217,2025-01,S46,MOBILE BUS LANE,712
1218,2025-01,S46,MOBILE BUS STOP,794
1219,2025-01,S46,MOBILE DOUBLE PARKED,5658
1220,2025-01,S79+,MOBILE BUS LANE,47
1221,2025-01,S79+,MOBILE BUS STOP,663
1222,2025-01,S79+,MOBILE DOUBLE PARKED,696
1223,2025-02,B25,MOBILE BUS LANE,997
1224,2025-02,B25,MOBILE BUS STOP,1134
1225,2025-02,B25,MOBILE DOUBLE PARKED,459
1226,2025-02,B26,MOBILE BUS LANE,15
1227,2025-02,B26,MOBILE BUS STOP,1555
1228,2025-02,B26,MOBILE DOUBLE PARKED,399
1229,2025-02,B35,MOBILE BUS LANE,275
1230,2025-02,B35,MOBILE BUS STOP,5482
1231,2025-02,B35,MOBILE DOUBLE PARKED,4420
1232,2025-02,B41,MOBILE BUS LANE,612
1233,2025-02,B41,MOBILE BUS STOP,3446
1234,2025-02,B41,MOBILE DOUBLE PARKED,3753
1235,2025-02,B42,MOBILE BUS LANE,149
1236,2025-02,B42,MOBILE BUS STOP,316
1237,2025-02,B42,MOBILE DOUBLE PARKED,42
1238,2025-02,B44+,MOBILE BUS LANE,1024
1239,2025-02,B44+,MOBILE BUS STOP,4808
1240,2025-02,B44+,MOBILE DOUBLE PARKED,2902
1241,2025-02,B46+,MOBILE BUS LANE,1696
1242,2025-02,B46+,MOBILE BUS STOP,2956
1243,2025-02,B46+,MOBILE DOUBLE PARKED,1549
1244,2025-02,B62,MOBILE BUS STOP,803
1245,2025-02,B62,MOBILE DOUBLE PARKED,277
1246,2025-02,B82+,MOBILE BUS LANE,764
1247,2025-02,B82+,MOBILE BUS STOP,4549
1248,2025-02,B82+,MOBILE DOUBLE PARKED,3377
1249,2025-02,BX12+,MOBILE BUS LANE,1933
1250,2025-02,BX12+,MOBILE BUS STOP,1553
1251,2025-02,BX12+,MOBILE DOUBLE PARKED,2660
1252,2025-02,BX19,MOBILE BUS LANE,1392
1253,2025-02,BX19,MOBILE BUS STOP,4597
1254,2025-02,BX19,MOBILE DOUBLE PARKED,11403
1255,2025-02,BX28,MOBILE BUS STOP,1495
1256,2025-02,BX28,MOBILE DOUBLE PARKED,2036
1257,2025-02,BX28-BX38,MOBILE BUS LANE,375
1258,2025-02,BX35,MOBILE BUS LANE,282
1259,2025-02,BX35,MOBILE BUS STOP,904
1260,2025-02,BX35,MOBILE DOUBLE PARKED,3451
1261,2025-02,BX36,MOBILE BUS LANE,417
1262,2025-02,BX36,MOBILE BUS STOP,3535
1263,2025-02,BX36,MOBILE DOUBLE PARKED,8007
1264,2025-02,BX38,MOBILE BUS STOP,506
1265,2025-02,BX38,MOBILE DOUBLE PARKED,1461
1266,2025-02,BX41+,MOBILE BUS LANE,2639
1267,2025-02,BX41+,MOBILE BUS STOP,2195
1268,2025-02,BX41+,MOBILE DOUBLE PARKED,2887
1269,2025-02,BX6+,MOBILE BUS LANE,427
1270,2025-02,BX6+,MOBILE BUS STOP,2860
1271,2025-02,BX6+,MOBILE DOUBLE PARKED,5125
1272,2025-02,M101,MOBILE BUS LANE,1601
1273,2025-02,M101,MOBILE BUS STOP,8647
1274,2025-02,M101,MOBILE DOUBLE PARKED,9753
1275,2025-02,M14+,MOBILE BUS LANE,583
1276,2025-02,M14+,MOBILE BUS STOP,745
1277,2025-02,M14+,MOBILE DOUBLE PARKED,325
1278,2025-02,M15+,MOBILE BUS LANE,4765
1279,2025-02,M15+,MOBILE BUS STOP,6535
1280,2025-02,M15+,MOBILE DOUBLE PARKED,2283
1281,2025-02,M2,MOBILE BUS LANE,1
1282,2025-02,M23+,MOBILE BUS LANE,350
1283,2025-02,M23+,MOBILE BUS STOP,474
1284,2025-02,M23+,MOBILE DOUBLE PARKED,28
1285,2025-02,M34+,MOBILE BUS LANE,288
1286,2025-02,M34+,MOBILE BUS STOP,643
1287,2025-02,M34+,MOBILE DOUBLE PARKED,116
1288,2025-02,M60+,MOBILE BUS LANE,3934
1289,2025-02,M60+,MOBILE BUS STOP,2570
1290,2025-02,M60+,MOBILE DOUBLE PARKED,3225
1291,2025-02,M79+,MOBILE BUS LANE,478
1292,2025-02,M79+,MOBILE BUS STOP,624
1293,2025-02,M79+,MOBILE DOUBLE PARKED,2159
1294,2025-02,M86+,MOBILE BUS LANE,165
1295,2025-02,M86+,MOBILE BUS STOP,591
1296,2025-02,M86+,MOBILE DOUBLE PARKED,2272
1297,2025-02,Q43,MOBILE BUS LANE,587
1298,2025-02,Q43,MOBILE BUS STOP,2101
1299,2025-02,Q43,MOBILE DOUBLE PARKED,1001
1300,2025-02,Q44+,MOBILE BUS LANE,1025
1301,2025-02,Q44+,MOBILE BUS STOP,3674
1302,2025-02,Q44+,MOBILE DOUBLE PARKED,1854
1303,2025-02,Q5,MOBILE BUS LANE,500
1304,2025-02,Q5,MOBILE BUS STOP,2014
1305,2025-02,Q5,MOBILE DOUBLE PARKED,235
1306,2025-02,Q53+,MOBILE BUS LANE,358
1307,2025-02,Q53+,MOBILE BUS STOP,1467
1308,2025-02,Q53+,MOBILE DOUBLE PARKED,418
1309,2025-02,Q54,MOBILE BUS LANE,27
1310,2025-02,Q54,MOBILE BUS STOP,2879
1311,2025-02,Q54,MOBILE DOUBLE PARKED,816
1312,2025-02,Q58,MOBILE BUS LANE,243
1313,2025-02,Q58,MOBILE BUS STOP,3869
1314,2025-02,Q58,MOBILE DOUBLE PARKED,2322
1315,2025-02,Q69,MOBILE BUS LANE,128
1316,2025-02,Q69,MOBILE BUS STOP,280
1317,2025-02,Q69,MOBILE DOUBLE PARKED,126
1318,2025-02,S46,MOBILE BUS LANE,203
1319,2025-02,S46,MOBILE BUS STOP,631
1320,2025-02,S46,MOBILE DOUBLE PARKED,89
1321,2025-02,S79+,MOBILE BUS LANE,67
1322,2025-02,S79+,MOBILE BUS STOP,606
1323,2025-02,S79+,MOBILE DOUBLE PARKED,734
1324,2025-03,B25,MOBILE BUS LANE,1246
1325,2025-03,B25,MOBILE BUS STOP,1366
1326,2025-03,B25,MOBILE DOUBLE PARKED,568
1327,2025-03,B26,MOBILE BUS LANE,18
1328,2025-03,B26,MOBILE BUS STOP,1679
1329,2025-03,B26,MOBILE DOUBLE PARKED,421
1330,2025-03,B35,MOBILE BUS LANE,407
1331,2025-03,B35,MOBILE BUS STOP,6860
1332,2025-03,B35,MOBILE DOUBLE PARKED,5695
1333,2025-03,B41,MOBILE BUS LANE,617
1334,2025-03,B41,MOBILE BUS STOP,3766
1335,2025-03,B41,MOBILE DOUBLE PARKED,4393
1336,2025-03,B42,MOBILE BUS LANE,177
1337,2025-03,B42,MOBILE BUS STOP,312
1338,2025-03,B42,MOBILE DOUBLE PARKED,46
1339,2025-03,B44+,MOBILE BUS LANE,1467
1340,2025-03,B44+,MOBILE BUS STOP,5792
1341,2025-03,B44+,MOBILE DOUBLE PARKED,3509
1342,2025-03,B46+,MOBILE BUS LANE,1954
1343,2025-03,B46+,MOBILE BUS STOP,3458
1344,2025-03,B46+,MOBILE DOUBLE PARKED,2110
1345,2025-03,B62,MOBILE BUS STOP,1397
1346,2025-03,B62,MOBILE DOUBLE PARKED,376
1347,2025-03,B82+,MOBILE BUS LANE,901
1348,2025-03,B82+,MOBILE BUS STOP,4876
1349,2025-03,B82+,MOBILE DOUBLE PARKED,3989
1350,2025-03,BX12+,MOBILE BUS LANE,1921
1351,2025-03,BX12+,MOBILE BUS STOP,2092
1352,2025-03,BX12+,MOBILE DOUBLE PARKED,3442
1353,2025-03,BX19,MOBILE BUS LANE,1741
1354,2025-03,BX19,MOBILE BUS STOP,6109
1355,2025-03,BX19,MOBILE DOUBLE PARKED,15195
1356,2025-03,BX28,MOBILE BUS LANE,1
1357,2025-03,BX28,MOBILE BUS STOP,2082
1358,2025-03,BX28,MOBILE DOUBLE PARKED,2976
1359,2025-03,BX28-BX38,MOBILE BUS LANE,462
1360,2025-03,BX35,MOBILE BUS LANE,470
1361,2025-03,BX35,MOBILE BUS STOP,1220
1362,2025-03,BX35,MOBILE DOUBLE PARKED,4468
1363,2025-03,BX36,MOBILE BUS LANE,567
1364,2025-03,BX36,MOBILE BUS STOP,4823
1365,2025-03,BX36,MOBILE DOUBLE PARKED,10061
1366,2025-03,BX38,MOBILE BUS STOP,483
1367,2025-03,BX38,MOBILE DOUBLE PARKED,1699
1368,2025-03,BX41+,MOBILE BUS LANE,3431
1369,2025-03,BX41+,MOBILE BUS STOP,2912
1370,2025-03,BX41+,MOBILE DOUBLE PARKED,3032
1371,2025-03,BX6+,MOBILE BUS LANE,610
1372,2025-03,BX6+,MOBILE BUS STOP,3704
1373,2025-03,BX6+,MOBILE DOUBLE PARKED,6217
1374,2025-03,M101,MOBILE BUS LANE,4626
1375,2025-03,M101,MOBILE BUS STOP,12160
1376,2025-03,M101,MOBILE DOUBLE PARKED,13187
1377,2025-03,M14+,MOBILE BUS LANE,662
1378,2025-03,M14+,MOBILE BUS STOP,1096
1379,2025-03,M14+,MOBILE DOUBLE PARKED,304
1380,2025-03,M15+,MOBILE BUS LANE,5501
1381,2025-03,M15+,MOBILE BUS STOP,9061
1382,2025-03,M15+,MOBILE DOUBLE PARKED,2713
1383,2025-03,M2,MOBILE BUS LANE,448
1384,2025-03,M23+,MOBILE BUS LANE,424
1385,2025-03,M23+,MOBILE BUS STOP,617
1386,2025-03,M23+,MOBILE DOUBLE PARKED,74
1387,2025-03,M34+,MOBILE BUS LANE,367
1388,2025-03,M34+,MOBILE BUS STOP,856
1389,2025-03,M34+,MOBILE DOUBLE PARKED,178
1390,2025-03,M60+,MOBILE BUS LANE,2977
1391,2025-03,M60+,MOBILE BUS STOP,2650
1392,2025-03,M60+,MOBILE DOUBLE PARKED,3360
1393,2025-03,M79+,MOBILE BUS LANE,607
1394,2025-03,M79+,MOBILE BUS STOP,686
1395,2025-03,M79+,MOBILE DOUBLE PARKED,2510
1396,2025-03,M86+,MOBILE BUS LANE,119
1397,2025-03,M86+,MOBILE BUS STOP,658
1398,2025-03,M86+,MOBILE DOUBLE PARKED,2887
1399,2025-03,Q43,MOBILE BUS LANE,605
1400,2025-03,Q43,MOBILE BUS STOP,2408
1401,2025-03,Q43,MOBILE DOUBLE PARKED,1373
1402,2025-03,Q44+,MOBILE BUS LANE,1482
1403,2025-03,Q44+,MOBILE BUS STOP,5475
1404,2025-03,Q44+,MOBILE DOUBLE PARKED,2431
1405,2025-03,Q5,MOBILE BUS LANE,491
1406,2025-03,Q5,MOBILE BUS STOP,1850
1407,2025-03,Q5,MOBILE DOUBLE PARKED,276
1408,2025-03,Q53+,MOBILE BUS LANE,491
1409,2025-03,Q53+,MOBILE BUS STOP,2111
1410,2025-03,Q53+,MOBILE DOUBLE PARKED,654
1411,2025-03,Q54,MOBILE BUS LANE,54
1412,2025-03,Q54,MOBILE BUS STOP,3357
1413,2025-03,Q54,MOBILE DOUBLE PARKED,1064
1414,2025-03,Q58,MOBILE BUS LANE,255
1415,2025-03,Q58,MOBILE BUS STOP,4297
1416,2025-03,Q58,MOBILE DOUBLE PARKED,2681
1417,2025-03,Q69,MOBILE BUS LANE,150
1418,2025-03,Q69,MOBILE BUS STOP,409
1419,2025-03,Q69,MOBILE DOUBLE PARKED,110
1420,2025-03,S46,MOBILE BUS LANE,191
1421,2025-03,S46,MOBILE BUS STOP,642
1422,2025-03,S46,MOBILE DOUBLE PARKED,158
1423,2025-03,S79+,MOBILE BUS LANE,51
1424,2025-03,S79+,MOBILE BUS STOP,591
1425,2025-03,S79+,MOBILE DOUBLE PARKED,832
1426,2025-04,B25,MOBILE BUS LANE,1233
1427,2025-04,B25,MOBILE BUS STOP,1259
1428,2025-04,B25,MOBILE DOUBLE PARKED,370
1429,2025-04,B26,MOBILE BUS LANE,14
1430,2025-04,B26,MOBILE BUS STOP,1114
1431,2025-04,B26,MOBILE DOUBLE PARKED,314
1432,2025-04,B35,MOBILE BUS LANE,365
1433,2025-04,B35,MOBILE BUS STOP,6810
1434,2025-04,B35,MOBILE DOUBLE PARKED,5743
1435,2025-04,B41,MOBILE BUS LANE,638
1436,2025-04,B41,MOBILE BUS STOP,3059
1437,2025-04,B41,MOBILE DOUBLE PARKED,3757
1438,2025-04,B42,MOBILE BUS LANE,211
1439,2025-04,B42,MOBILE BUS STOP,382
1440,2025-04,B42,MOBILE DOUBLE PARKED,77
1441,2025-04,B44+,MOBILE BUS LANE,1331
1442,2025-04,B44+,MOBILE BUS STOP,5084
1443,2025-04,B44+,MOBILE DOUBLE PARKED,3035
1444,2025-04,B46+,MOBILE BUS LANE,2022
1445,2025-04,B46+,MOBILE BUS STOP,3200
1446,2025-04,B46+,MOBILE DOUBLE PARKED,2001
1447,2025-04,B62,MOBILE BUS STOP,1629
1448,2025-04,B62,MOBILE DOUBLE PARKED,404
1449,2025-04,B82+,MOBILE BUS LANE,791
1450,2025-04,B82+,MOBILE BUS STOP,4977
1451,2025-04,B82+,MOBILE DOUBLE PARKED,4079
1452,2025-04,BX12+,MOBILE BUS LANE,2036
1453,2025-04,BX12+,MOBILE BUS STOP,1912
1454,2025-04,BX12+,MOBILE DOUBLE PARKED,3085
1455,2025-04,BX19,MOBILE BUS LANE,1708
1456,2025-04,BX19,MOBILE BUS STOP,6149
1457,2025-04,BX19,MOBILE DOUBLE PARKED,14709
1458,2025-04,BX28,MOBILE BUS STOP,2038
1459,2025-04,BX28,MOBILE DOUBLE PARKED,2991
1460,2025-04,BX28-BX38,MOBILE BUS LANE,458
1461,2025-04,BX35,MOBILE BUS LANE,459
1462,2025-04,BX35,MOBILE BUS STOP,1125
1463,2025-04,BX35,MOBILE DOUBLE PARKED,4433
1464,2025-04,BX36,MOBILE BUS LANE,549
1465,2025-04,BX36,MOBILE BUS STOP,4339
1466,2025-04,BX36,MOBILE DOUBLE PARKED,10223
1467,2025-04,BX38,MOBILE BUS STOP,459
1468,2025-04,BX38,MOBILE DOUBLE PARKED,1662
1469,2025-04,BX41+,MOBILE BUS LANE,3655
1470,2025-04,BX41+,MOBILE BUS STOP,2728
1471,2025-04,BX41+,MOBILE DOUBLE PARKED,2512
1472,2025-04,BX6+,MOBILE BUS LANE,578
1473,2025-04,BX6+,MOBILE BUS STOP,3364
1474,2025-04,BX6+,MOBILE DOUBLE PARKED,6042
1475,2025-04,M101,MOBILE BUS LANE,7818
1476,2025-04,M101,MOBILE BUS STOP,14110
1477,2025-04,M101,MOBILE DOUBLE PARKED,14946
1478,2025-04,M14+,MOBILE BUS LANE,727
1479,2025-04,M14+,MOBILE BUS STOP,1416
1480,2025-04,M14+,MOBILE DOUBLE PARKED,312
1481,2025-04,M15+,MOBILE BUS LANE,5881
1482,2025-04,M15+,MOBILE BUS STOP,9338
1483,2025-04,M15+,MOBILE DOUBLE PARKED,2539
1484,2025-04,M23+,MOBILE BUS LANE,360
1485,2025-04,M23+,MOBILE BUS STOP,598
1486,2025-04,M23+,MOBILE DOUBLE PARKED,67
1487,2025-04,M34+,MOBILE BUS LANE,369
1488,2025-04,M34+,MOBILE BUS STOP,759
1489,2025-04,M34+,MOBILE DOUBLE PARKED,144
1490,2025-04,M60+,MOBILE BUS LANE,121
1491,2025-04,M60+,MOBILE BUS STOP,1784
1492,2025-04,M60+,MOBILE DOUBLE PARKED,3663
1493,2025-04,M79+,MOBILE BUS LANE,680
1494,2025-04,M79+,MOBILE BUS STOP,632
1495,2025-04,M79+,MOBILE DOUBLE PARKED,2270
1496,2025-04,M86+,MOBILE BUS LANE,86
1497,2025-04,M86+,MOBILE BUS STOP,698
1498,2025-04,M86+,MOBILE DOUBLE PARKED,2839
1499,2025-04,Q43,MOBILE BUS LANE,603
1500,2025-04,Q43,MOBILE BUS STOP,2025
1501,2025-04,Q43,MOBILE DOUBLE PARKED,1319
1502,2025-04,Q44+,MOBILE BUS LANE,1612
1503,2025-04,Q44+,MOBILE BUS STOP,5677
1504,2025-04,Q44+,MOBILE DOUBLE PARKED,2162
1505,2025-04,Q5,MOBILE BUS LANE,358
1506,2025-04,Q5,MOBILE BUS STOP,1435
1507,2025-04,Q5,MOBILE DOUBLE PARKED,288
1508,2025-04,Q53+,MOBILE BUS LANE,306
1509,2025-04,Q53+,MOBILE BUS STOP,1951
1510,2025-04,Q53+,MOBILE DOUBLE PARKED,540
1511,2025-04,Q54,MOBILE BUS LANE,68
1512,2025-04,Q54,MOBILE BUS STOP,3347
1513,2025-04,Q54,MOBILE DOUBLE PARKED,1192
1514,2025-04,Q58,MOBILE BUS LANE,267
1515,2025-04,Q58,MOBILE BUS STOP,4248
1516,2025-04,Q58,MOBILE DOUBLE PARKED,2585
1517,2025-04,Q69,MOBILE BUS LANE,141
1518,2025-04,Q69,MOBILE BUS STOP,355
1519,2025-04,Q69,MOBILE DOUBLE PARKED,81
1520,2025-04,S46,MOBILE BUS LANE,179
1521,2025-04,S46,MOBILE BUS STOP,509
1522,2025-04,S46,MOBILE DOUBLE PARKED,109
1523,2025-04,S79+,MOBILE BUS LANE,100
1524,2025-04,S79+,MOBILE BUS STOP,652
1525,2025-04,S79+,MOBILE DOUBLE PARKED,870
1526,2025-05,B25,MOBILE BUS LANE,1234
1527,2025-05,B25,MOBILE BUS STOP,1639
1528,2025-05,B25,MOBILE DOUBLE PARKED,462
1529,2025-05,B26,MOBILE BUS LANE,24
1530,2025-05,B26,MOBILE BUS STOP,1010
1531,2025-05,B26,MOBILE DOUBLE PARKED,295
1532,2025-05,B35,MOBILE BUS LANE,307
1533,2025-05,B35,MOBILE BUS STOP,6249
1534,2025-05,B35,MOBILE DOUBLE PARKED,5561
1535,2025-05,B41,MOBILE BUS LANE,526
1536,2025-05,B41,MOBILE BUS STOP,3172
1537,2025-05,B41,MOBILE DOUBLE PARKED,3748
1538,2025-05,B42,MOBILE BUS LANE,149
1539,2025-05,B42,MOBILE BUS STOP,421
1540,2025-05,B42,MOBILE DOUBLE PARKED,87
1541,2025-05,B44+,MOBILE BUS LANE,1232
1542,2025-05,B44+,MOBILE BUS STOP,4729
1543,2025-05,B44+,MOBILE DOUBLE PARKED,2979
1544,2025-05,B46+,MOBILE BUS LANE,2066
1545,2025-05,B46+,MOBILE BUS STOP,3088
1546,2025-05,B46+,MOBILE DOUBLE PARKED,2190
1547,2025-05,B62,MOBILE BUS STOP,1696
1548,2025-05,B62,MOBILE DOUBLE PARKED,343
1549,2025-05,B82+,MOBILE BUS LANE,779
1550,2025-05,B82+,MOBILE BUS STOP,4700
1551,2025-05,B82+,MOBILE DOUBLE PARKED,4206
1552,2025-05,BX12+,MOBILE BUS LANE,1892
1553,2025-05,BX12+,MOBILE BUS STOP,1978
1554,2025-05,BX12+,MOBILE DOUBLE PARKED,3523
1555,2025-05,BX19,MOBILE BUS LANE,1501
1556,2025-05,BX19,MOBILE BUS STOP,5762
1557,2025-05,BX19,MOBILE DOUBLE PARKED,14247
1558,2025-05,BX28,MOBILE BUS STOP,2170
1559,2025-05,BX28,MOBILE DOUBLE PARKED,3019
1560,2025-05,BX28-BX38,MOBILE BUS LANE,527
1561,2025-05,BX35,MOBILE BUS LANE,474
1562,2025-05,BX35,MOBILE BUS STOP,1103
1563,2025-05,BX35,MOBILE DOUBLE PARKED,4480
1564,2025-05,BX36,MOBILE BUS LANE,548
1565,2025-05,BX36,MOBILE BUS STOP,4254
1566,2025-05,BX36,MOBILE DOUBLE PARKED,10308
1567,2025-05,BX38,MOBILE BUS STOP,594
1568,2025-05,BX38,MOBILE DOUBLE PARKED,1762
1569,2025-05,BX41+,MOBILE BUS LANE,3493
1570,2025-05,BX41+,MOBILE BUS STOP,2437
1571,2025-05,BX41+,MOBILE DOUBLE PARKED,3014
1572,2025-05,BX5,MOBILE DOUBLE PARKED,2
1573,2025-05,BX6+,MOBILE BUS LANE,755
1574,2025-05,BX6+,MOBILE BUS STOP,3448
1575,2025-05,BX6+,MOBILE DOUBLE PARKED,6023
1576,2025-05,M100,MOBILE BUS STOP,222
1577,2025-05,M100,MOBILE DOUBLE PARKED,2983
1578,2025-05,M101,MOBILE BUS LANE,7282
1579,2025-05,M101,MOBILE BUS STOP,13407
1580,2025-05,M101,MOBILE DOUBLE PARKED,14963
1581,2025-05,M14+,MOBILE BUS LANE,750
1582,2025-05,M14+,MOBILE BUS STOP,1289
1583,2025-05,M14+,MOBILE DOUBLE PARKED,270
1584,2025-05,M15+,MOBILE BUS LANE,5884
1585,2025-05,M15+,MOBILE BUS STOP,9816
1586,2025-05,M15+,MOBILE DOUBLE PARKED,2512
1587,2025-05,M2,MOBILE BUS LANE,740
1588,2025-05,M2,MOBILE BUS STOP,2628
1589,2025-05,M2,MOBILE DOUBLE PARKED,219
1590,2025-05,M23+,MOBILE BUS LANE,293
1591,2025-05,M23+,MOBILE BUS STOP,625
1592,2025-05,M23+,MOBILE DOUBLE PARKED,82
1593,2025-05,M34+,MOBILE BUS LANE,465
1594,2025-05,M34+,MOBILE BUS STOP,818
1595,2025-05,M34+,MOBILE DOUBLE PARKED,133
1596,2025-05,M4,MOBILE BUS STOP,1161
1597,2025-05,M4,MOBILE DOUBLE PARKED,1165
1598,2025-05,M42,MOBILE BUS LANE,84
1599,2025-05,M42,MOBILE BUS STOP,18
1600,2025-05,M42,MOBILE DOUBLE PARKED,1
1601,2025-05,M60+,MOBILE BUS LANE,102
1602,2025-05,M60+,MOBILE BUS STOP,1512
1603,2025-05,M60+,MOBILE DOUBLE PARKED,3249
1604,2025-05,M79+,MOBILE BUS LANE,616
1605,2025-05,M79+,MOBILE BUS STOP,773
1606,2025-05,M79+,MOBILE DOUBLE PARKED,2630
1607,2025-05,M86+,MOBILE BUS LANE,132
1608,2025-05,M86+,MOBILE BUS STOP,815
1609,2025-05,M86+,MOBILE DOUBLE PARKED,2998
1610,2025-05,Q43,MOBILE BUS LANE,621
1611,2025-05,Q43,MOBILE BUS STOP,2294
1612,2025-05,Q43,MOBILE DOUBLE PARKED,1486
1613,2025-05,Q44+,MOBILE BUS LANE,1517
1614,2025-05,Q44+,MOBILE BUS STOP,5850
1615,2025-05,Q44+,MOBILE DOUBLE PARKED,2160
1616,2025-05,Q5,MOBILE BUS LANE,364
1617,2025-05,Q5,MOBILE BUS STOP,1580
1618,2025-05,Q5,MOBILE DOUBLE PARKED,383
1619,2025-05,Q53+,MOBILE BUS LANE,376
1620,2025-05,Q53+,MOBILE BUS STOP,2035
1621,2025-05,Q53+,MOBILE DOUBLE PARKED,627
1622,2025-05,Q54,MOBILE BUS LANE,48
1623,2025-05,Q54,MOBILE BUS STOP,3302
1624,2025-05,Q54,MOBILE DOUBLE PARKED,1130
1625,2025-05,Q58,MOBILE BUS LANE,252
1626,2025-05,Q58,MOBILE BUS STOP,4000
1627,2025-05,Q58,MOBILE DOUBLE PARKED,2495
1628,2025-05,Q69,MOBILE BUS LANE,98
1629,2025-05,Q69,MOBILE BUS STOP,301
1630,2025-05,Q69,MOBILE DOUBLE PARKED,63
1631,2025-05,S46,MOBILE BUS LANE,170
1632,2025-05,S46,MOBILE BUS STOP,462
1633,2025-05,S46,MOBILE DOUBLE PARKED,89
1634,2025-05,S79+,MOBILE BUS LANE,67
1635,2025-05,S79+,MOBILE BUS STOP,587
1636,2025-05,S79+,MOBILE DOUBLE PARKED,938
1637,2025-06,B25,MOBILE BUS LANE,1052
1638,2025-06,B25,MOBILE BUS STOP,1293
1639,2025-06,B25,MOBILE DOUBLE PARKED,395
1640,2025-06,B26,MOBILE BUS LANE,9
1641,2025-06,B26,MOBILE BUS STOP,892
1642,2025-06,B26,MOBILE DOUBLE PARKED,339
1643,2025-06,B35,MOBILE BUS LANE,277
1644,2025-06,B35,MOBILE BUS STOP,5522
1645,2025-06,B35,MOBILE DOUBLE PARKED,5003
1646,2025-06,B41,MOBILE BUS LANE,536
1647,2025-06,B41,MOBILE BUS STOP,2953
1648,2025-06,B41,MOBILE DOUBLE PARKED,3672
1649,2025-06,B42,MOBILE BUS LANE,177
1650,2025-06,B42,MOBILE BUS STOP,391
1651,2025-06,B42,MOBILE DOUBLE PARKED,93
1652,2025-06,B44+,MOBILE BUS LANE,1017
1653,2025-06,B44+,MOBILE BUS STOP,4621
1654,2025-06,B44+,MOBILE DOUBLE PARKED,2902
1655,2025-06,B46+,MOBILE BUS LANE,1866
1656,2025-06,B46+,MOBILE BUS STOP,2675
1657,2025-06,B46+,MOBILE DOUBLE PARKED,2215
1658,2025-06,B62,MOBILE BUS STOP,1469
1659,2025-06,B62,MOBILE DOUBLE PARKED,335
1660,2025-06,B82+,MOBILE BUS LANE,671
1661,2025-06,B82+,MOBILE BUS STOP,3911
1662,2025-06,B82+,MOBILE DOUBLE PARKED,3741
1663,2025-06,BX12+,MOBILE BUS LANE,1771
1664,2025-06,BX12+,MOBILE BUS STOP,1759
1665,2025-06,BX12+,MOBILE DOUBLE PARKED,2826
1666,2025-06,BX19,MOBILE BUS LANE,1338
1667,2025-06,BX19,MOBILE BUS STOP,4788
1668,2025-06,BX19,MOBILE DOUBLE PARKED,12334
1669,2025-06,BX28,MOBILE BUS STOP,2202
1670,2025-06,BX28,MOBILE DOUBLE PARKED,2810
1671,2025-06,BX28-BX38,MOBILE BUS LANE,331
1672,2025-06,BX35,MOBILE BUS LANE,491
1673,2025-06,BX35,MOBILE BUS STOP,966
1674,2025-06,BX35,MOBILE DOUBLE PARKED,3695
1675,2025-06,BX36,MOBILE BUS LANE,528
1676,2025-06,BX36,MOBILE BUS STOP,3736
1677,2025-06,BX36,MOBILE DOUBLE PARKED,9144
1678,2025-06,BX38,MOBILE BUS STOP,535
1679,2025-06,BX38,MOBILE DOUBLE PARKED,1416
1680,2025-06,BX41+,MOBILE BUS LANE,2914
1681,2025-06,BX41+,MOBILE BUS STOP,2133
1682,2025-06,BX41+,MOBILE DOUBLE PARKED,3051
1683,2025-06,BX5,MOBILE BUS LANE,285
1684,2025-06,BX5,MOBILE BUS STOP,242
1685,2025-06,BX5,MOBILE DOUBLE PARKED,126
1686,2025-06,BX6+,MOBILE BUS LANE,575
1687,2025-06,BX6+,MOBILE BUS STOP,2943
1688,2025-06,BX6+,MOBILE DOUBLE PARKED,5222
1689,2025-06,M100,MOBILE BUS STOP,1477
1690,2025-06,M100,MOBILE DOUBLE PARKED,15693
1691,2025-06,M101,MOBILE BUS LANE,6431
1692,2025-06,M101,MOBILE BUS STOP,9991
1693,2025-06,M101,MOBILE DOUBLE PARKED,13828
1694,2025-06,M14+,MOBILE BUS LANE,724
1695,2025-06,M14+,MOBILE BUS STOP,1062
1696,2025-06,M14+,MOBILE DOUBLE PARKED,251
1697,2025-06,M15+,MOBILE BUS LANE,5260
1698,2025-06,M15+,MOBILE BUS STOP,9176
1699,2025-06,M15+,MOBILE DOUBLE PARKED,2595
1700,2025-06,M2,MOBILE BUS LANE,1507
1701,2025-06,M2,MOBILE BUS STOP,6670
1702,2025-06,M2,MOBILE DOUBLE PARKED,483
1703,2025-06,M23+,MOBILE BUS LANE,278
1704,2025-06,M23+,MOBILE BUS STOP,583
1705,2025-06,M23+,MOBILE DOUBLE PARKED,44
1706,2025-06,M34+,MOBILE BUS LANE,400
1707,2025-06,M34+,MOBILE BUS STOP,779
1708,2025-06,M34+,MOBILE DOUBLE PARKED,112
1709,2025-06,M4,MOBILE BUS STOP,2878
1710,2025-06,M4,MOBILE DOUBLE PARKED,2558
1711,2025-06,M42,MOBILE BUS LANE,1003
1712,2025-06,M42,MOBILE BUS STOP,376
1713,2025-06,M42,MOBILE DOUBLE PARKED,31
1714,2025-06,M60+,MOBILE BUS LANE,122
1715,2025-06,M60+,MOBILE BUS STOP,1230
1716,2025-06,M60+,MOBILE DOUBLE PARKED,2247
1717,2025-06,M79+,MOBILE BUS LANE,554
1718,2025-06,M79+,MOBILE BUS STOP,569
1719,2025-06,M79+,MOBILE DOUBLE PARKED,2196
1720,2025-06,M86+,MOBILE BUS LANE,91
1721,2025-06,M86+,MOBILE BUS STOP,644
1722,2025-06,M86+,MOBILE DOUBLE PARKED,2597
1723,2025-06,Q43,MOBILE BUS LANE,653
1724,2025-06,Q43,MOBILE BUS STOP,2338
1725,2025-06,Q43,MOBILE DOUBLE PARKED,935
1726,2025-06,Q44+,MOBILE BUS LANE,1442
1727,2025-06,Q44+,MOBILE BUS STOP,5216
1728,2025-06,Q44+,MOBILE DOUBLE PARKED,2050
1729,2025-06,Q5,MOBILE BUS LANE,386
1730,2025-06,Q5,MOBILE BUS STOP,1382
1731,2025-06,Q5,MOBILE DOUBLE PARKED,438
1732,2025-06,Q53+,MOBILE BUS LANE,420
1733,2025-06,Q53+,MOBILE BUS STOP,2172
1734,2025-06,Q53+,MOBILE DOUBLE PARKED,751
1735,2025-06,Q54,MOBILE BUS LANE,76
1736,2025-06,Q54,MOBILE BUS STOP,2860
1737,2025-06,Q54,MOBILE DOUBLE PARKED,1017
1738,2025-06,Q58,MOBILE BUS LANE,256
1739,2025-06,Q58,MOBILE BUS STOP,3699
1740,2025-06,Q58,MOBILE DOUBLE PARKED,2193
1741,2025-06,Q69,MOBILE BUS LANE,146
1742,2025-06,Q69,MOBILE BUS STOP,444
1743,2025-06,Q69,MOBILE DOUBLE PARKED,98
1744,2025-06,S46,MOBILE BUS LANE,170
1745,2025-06,S46,MOBILE BUS STOP,415
1746,2025-06,S46,MOBILE DOUBLE PARKED,112
1747,2025-06,S79+,MOBILE BUS LANE,71
1748,2025-06,S79+,MOBILE BUS STOP,615
1749,2025-06,S79+,MOBILE DOUBLE PARKED,1024
1750,2025-07,B25,MOBILE BUS LANE,973
1751,2025-07,B25,MOBILE BUS STOP,1132
1752,2025-07,B25,MOBILE DOUBLE PARKED,342
1753,2025-07,B26,MOBILE BUS LANE,8
1754,2025-07,B26,MOBILE BUS STOP,857
1755,2025-07,B26,MOBILE DOUBLE PARKED,295
1756,2025-07,B35,MOBILE BUS LANE,187
1757,2025-07,B35,MOBILE BUS STOP,4527
1758,2025-07,B35,MOBILE DOUBLE PARKED,4099
1759,2025-07,B41,MOBILE BUS LANE,536
1760,2025-07,B41,MOBILE BUS STOP,2498
1761,2025-07,B41,MOBILE DOUBLE PARKED,3489
1762,2025-07,B42,MOBILE BUS LANE,229
1763,2025-07,B42,MOBILE BUS STOP,314
1764,2025-07,B42,MOBILE DOUBLE PARKED,48
1765,2025-07,B44+,MOBILE BUS LANE,980
1766,2025-07,B44+,MOBILE BUS STOP,3842
1767,2025-07,B44+,MOBILE DOUBLE PARKED,2279
1768,2025-07,B46+,MOBILE BUS LANE,1916
1769,2025-07,B46+,MOBILE BUS STOP,2780
1770,2025-07,B46+,MOBILE DOUBLE PARKED,2057
1771,2025-07,B62,MOBILE BUS STOP,1423
1772,2025-07,B62,MOBILE DOUBLE PARKED,357
1773,2025-07,B82+,MOBILE BUS LANE,569
1774,2025-07,B82+,MOBILE BUS STOP,3509
1775,2025-07,B82+,MOBILE DOUBLE PARKED,3475
1776,2025-07,BX12+,MOBILE BUS LANE,1958
1777,2025-07,BX12+,MOBILE BUS STOP,1821
1778,2025-07,BX12+,MOBILE DOUBLE PARKED,2739
1779,2025-07,BX19,MOBILE BUS LANE,1489
1780,2025-07,BX19,MOBILE BUS STOP,4570
1781,2025-07,BX19,MOBILE DOUBLE PARKED,12395
1782,2025-07,BX28,MOBILE BUS STOP,2111
1783,2025-07,BX28,MOBILE DOUBLE PARKED,2635
1784,2025-07,BX28-BX38,MOBILE BUS LANE,347
1785,2025-07,BX35,MOBILE BUS LANE,433
1786,2025-07,BX35,MOBILE BUS STOP,881
1787,2025-07,BX35,MOBILE DOUBLE PARKED,3151
1788,2025-07,BX36,MOBILE BUS LANE,633
1789,2025-07,BX36,MOBILE BUS STOP,3325
1790,2025-07,BX36,MOBILE DOUBLE PARKED,8865
1791,2025-07,BX38,MOBILE BUS STOP,395
1792,2025-07,BX38,MOBILE DOUBLE PARKED,1088
1793,2025-07,BX41+,MOBILE BUS LANE,2626
1794,2025-07,BX41+,MOBILE BUS STOP,1935
1795,2025-07,BX41+,MOBILE DOUBLE PARKED,2903
1796,2025-07,BX5,MOBILE BUS LANE,243
1797,2025-07,BX5,MOBILE BUS STOP,269
1798,2025-07,BX5,MOBILE DOUBLE PARKED,98
1799,2025-07,BX6+,MOBILE BUS LANE,453
1800,2025-07,BX6+,MOBILE BUS STOP,2499
1801,2025-07,BX6+,MOBILE DOUBLE PARKED,4605
1802,2025-07,M100,MOBILE BUS STOP,2622
1803,2025-07,M100,MOBILE DOUBLE PARKED,17893
1804,2025-07,M101,MOBILE BUS LANE,5975
1805,2025-07,M101,MOBILE BUS STOP,9950
1806,2025-07,M101,MOBILE DOUBLE PARKED,12959
1807,2025-07,M14+,MOBILE BUS LANE,816
1808,2025-07,M14+,MOBILE BUS STOP,902
1809,2025-07,M14+,MOBILE DOUBLE PARKED,180
1810,2025-07,M15+,MOBILE BUS LANE,5338
1811,2025-07,M15+,MOBILE BUS STOP,8505
1812,2025-07,M15+,MOBILE DOUBLE PARKED,2174
1813,2025-07,M2,MOBILE BUS LANE,1160
1814,2025-07,M2,MOBILE BUS STOP,7363
1815,2025-07,M2,MOBILE DOUBLE PARKED,603
1816,2025-07,M23+,MOBILE BUS LANE,329
1817,2025-07,M23+,MOBILE BUS STOP,454
1818,2025-07,M23+,MOBILE DOUBLE PARKED,122
1819,2025-07,M34+,MOBILE BUS LANE,409
1820,2025-07,M34+,MOBILE BUS STOP,641
1821,2025-07,M34+,MOBILE DOUBLE PARKED,45
1822,2025-07,M4,MOBILE BUS STOP,2495
1823,2025-07,M4,MOBILE DOUBLE PARKED,1944
1824,2025-07,M42,MOBILE BUS LANE,1662
1825,2025-07,M42,MOBILE BUS STOP,844
1826,2025-07,M42,MOBILE DOUBLE PARKED,52
1827,2025-07,M60+,MOBILE BUS LANE,53
1828,2025-07,M60+,MOBILE BUS STOP,1309
1829,2025-07,M60+,MOBILE DOUBLE PARKED,2451
1830,2025-07,M79+,MOBILE BUS LANE,521
1831,2025-07,M79+,MOBILE BUS STOP,435
1832,2025-07,M79+,MOBILE DOUBLE PARKED,1816
1833,2025-07,M86+,MOBILE BUS LANE,98
1834,2025-07,M86+,MOBILE BUS STOP,558
1835,2025-07,M86+,MOBILE DOUBLE PARKED,2696
1836,2025-07,Q43,MOBILE BUS LANE,635
1837,2025-07,Q43,MOBILE BUS STOP,830
1838,2025-07,Q43,MOBILE DOUBLE PARKED,1131
1839,2025-07,Q44+,MOBILE BUS LANE,1463
1840,2025-07,Q44+,MOBILE BUS STOP,4102
1841,2025-07,Q44+,MOBILE DOUBLE PARKED,1767
1842,2025-07,Q5,MOBILE BUS LANE,409
1843,2025-07,Q5,MOBILE BUS STOP,702
1844,2025-07,Q5,MOBILE DOUBLE PARKED,360
1845,2025-07,Q53+,MOBILE BUS LANE,438
1846,2025-07,Q53+,MOBILE BUS STOP,2440
1847,2025-07,Q53+,MOBILE DOUBLE PARKED,733
1848,2025-07,Q54,MOBILE BUS LANE,94
1849,2025-07,Q54,MOBILE BUS STOP,2534
1850,2025-07,Q54,MOBILE DOUBLE PARKED,1203
1851,2025-07,Q58,MOBILE BUS LANE,101
1852,2025-07,Q58,MOBILE BUS STOP,269
1853,2025-07,Q58,MOBILE DOUBLE PARKED,94
1854,2025-07,Q69,MOBILE BUS LANE,89
1855,2025-07,Q69,MOBILE BUS STOP,359
1856,2025-07,Q69,MOBILE DOUBLE PARKED,70
1857,2025-07,S46,MOBILE BUS LANE,155
1858,2025-07,S46,MOBILE BUS STOP,364
1859,2025-07,S46,MOBILE DOUBLE PARKED,74
1860,2025-07,S79+,MOBILE BUS LANE,73
1861,2025-07,S79+,MOBILE BUS STOP,515
1862,2025-07,S79+,MOBILE DOUBLE PARKED,893
1863,2025-08,B25,MOBILE BUS LANE,427
1864,2025-08,B25,MOBILE BUS STOP,167
1865,2025-08,B25,MOBILE DOUBLE PARKED,74
1866,2025-08,B26,MOBILE BUS LANE,15
1867,2025-08,B26,MOBILE BUS STOP,101
1868,2025-08,B26,MOBILE DOUBLE PARKED,49
1869,2025-08,B35,MOBILE BUS LANE,48
1870,2025-08,B35,MOBILE BUS STOP,581
1871,2025-08,B35,MOBILE DOUBLE PARKED,558
1872,2025-08,B41,MOBILE BUS LANE,262
1873,2025-08,B41,MOBILE BUS STOP,381
1874,2025-08,B41,MOBILE DOUBLE PARKED,650
1875,2025-08,B42,MOBILE BUS LANE,110
1876,2025-08,B42,MOBILE BUS STOP,45
1877,2025-08,B42,MOBILE DOUBLE PARKED,8
1878,2025-08,B44+,MOBILE BUS LANE,445
1879,2025-08,B44+,MOBILE BUS STOP,887
1880,2025-08,B44+,MOBILE DOUBLE PARKED,400
1881,2025-08,B46+,MOBILE BUS LANE,690
1882,2025-08,B46+,MOBILE BUS STOP,366
1883,2025-08,B46+,MOBILE DOUBLE PARKED,388
1884,2025-08,B62,MOBILE BUS STOP,312
1885,2025-08,B62,MOBILE DOUBLE PARKED,57
1886,2025-08,B82+,MOBILE BUS LANE,270
1887,2025-08,B82+,MOBILE BUS STOP,528
1888,2025-08,B82+,MOBILE DOUBLE PARKED,479
1889,2025-08,BX12+,MOBILE BUS LANE,746
1890,2025-08,BX12+,MOBILE BUS STOP,363
1891,2025-08,BX12+,MOBILE DOUBLE PARKED,392
1892,2025-08,BX19,MOBILE BUS LANE,802
1893,2025-08,BX19,MOBILE BUS STOP,679
1894,2025-08,BX19,MOBILE DOUBLE PARKED,1921
1895,2025-08,BX28,MOBILE BUS STOP,553
1896,2025-08,BX28,MOBILE DOUBLE PARKED,480
1897,2025-08,BX28-BX38,MOBILE BUS LANE,146
1898,2025-08,BX35,MOBILE BUS LANE,255
1899,2025-08,BX35,MOBILE BUS STOP,120
1900,2025-08,BX35,MOBILE DOUBLE PARKED,517
1901,2025-08,BX36,MOBILE BUS LANE,273
1902,2025-08,BX36,MOBILE BUS STOP,504
1903,2025-08,BX36,MOBILE DOUBLE PARKED,1276
1904,2025-08,BX38,MOBILE BUS STOP,97
1905,2025-08,BX38,MOBILE DOUBLE PARKED,191
1906,2025-08,BX41+,MOBILE BUS LANE,1348
1907,2025-08,BX41+,MOBILE BUS STOP,500
1908,2025-08,BX41+,MOBILE DOUBLE PARKED,1064
1909,2025-08,BX5,MOBILE BUS LANE,69
1910,2025-08,BX5,MOBILE BUS STOP,33
1911,2025-08,BX5,MOBILE DOUBLE PARKED,9
1912,2025-08,BX6+,MOBILE BUS LANE,202
1913,2025-08,BX6+,MOBILE BUS STOP,456
1914,2025-08,BX6+,MOBILE DOUBLE PARKED,919
1915,2025-08,M100,MOBILE BUS STOP,412
1916,2025-08,M100,MOBILE DOUBLE PARKED,1880
1917,2025-08,M101,MOBILE BUS LANE,2447
1918,2025-08,M101,MOBILE BUS STOP,2399
1919,2025-08,M101,MOBILE DOUBLE PARKED,3045
1920,2025-08,M14+,MOBILE BUS LANE,359
1921,2025-08,M14+,MOBILE BUS STOP,242
1922,2025-08,M14+,MOBILE DOUBLE PARKED,34
1923,2025-08,M15+,MOBILE BUS LANE,2316
1924,2025-08,M15+,MOBILE BUS STOP,1482
1925,2025-08,M15+,MOBILE DOUBLE PARKED,545
1926,2025-08,M2,MOBILE BUS LANE,520
1927,2025-08,M2,MOBILE BUS STOP,1364
1928,2025-08,M2,MOBILE DOUBLE PARKED,178
1929,2025-08,M23+,MOBILE BUS LANE,112
1930,2025-08,M23+,MOBILE BUS STOP,163
1931,2025-08,M23+,MOBILE DOUBLE PARKED,74
1932,2025-08,M34+,MOBILE BUS LANE,201
1933,2025-08,M34+,MOBILE BUS STOP,219
1934,2025-08,M34+,MOBILE DOUBLE PARKED,8
1935,2025-08,M4,MOBILE BUS STOP,449
1936,2025-08,M4,MOBILE DOUBLE PARKED,381
1937,2025-08,M42,MOBILE BUS LANE,1332
1938,2025-08,M42,MOBILE BUS STOP,302
1939,2025-08,M42,MOBILE DOUBLE PARKED,24
1940,2025-08,M60+,MOBILE BUS LANE,36
1941,2025-08,M60+,MOBILE BUS STOP,185
1942,2025-08,M60+,MOBILE DOUBLE PARKED,398
1943,2025-08,M79+,MOBILE BUS LANE,276
1944,2025-08,M79+,MOBILE BUS STOP,87
1945,2025-08,M79+,MOBILE DOUBLE PARKED,332
1946,2025-08,M86+,MOBILE BUS LANE,37
1947,2025-08,M86+,MOBILE BUS STOP,74
1948,2025-08,M86+,MOBILE DOUBLE PARKED,425
1949,2025-08,Q43,MOBILE BUS LANE,248
1950,2025-08,Q43,MOBILE BUS STOP,71
1951,2025-08,Q43,MOBILE DOUBLE PARKED,156
1952,2025-08,Q44+,MOBILE BUS LANE,700
1953,2025-08,Q44+,MOBILE BUS STOP,990
1954,2025-08,Q44+,MOBILE DOUBLE PARKED,254
1955,2025-08,Q5,MOBILE BUS LANE,136
1956,2025-08,Q5,MOBILE BUS STOP,42
1957,2025-08,Q5,MOBILE DOUBLE PARKED,50
1958,2025-08,Q53+,MOBILE BUS LANE,217
1959,2025-08,Q53+,MOBILE BUS STOP,618
1960,2025-08,Q53+,MOBILE DOUBLE PARKED,75
1961,2025-08,Q54,MOBILE BUS LANE,44
1962,2025-08,Q54,MOBILE BUS STOP,637
1963,2025-08,Q54,MOBILE DOUBLE PARKED,155
1964,2025-08,Q58,MOBILE BUS LANE,35
1965,2025-08,Q58,MOBILE BUS STOP,60
1966,2025-08,Q58,MOBILE DOUBLE PARKED,11
1967,2025-08,Q69,MOBILE BUS LANE,42
1968,2025-08,Q69,MOBILE BUS STOP,67
1969,2025-08,Q69,MOBILE DOUBLE PARKED,15
1970,2025-08,S46,MOBILE BUS LANE,72
1971,2025-08,S46,MOBILE BUS STOP,65
1972,2025-08,S46,MOBILE DOUBLE PARKED,21
1973,2025-08,S79+,MOBILE BUS LANE,37
1974,2025-08,S79+,MOBILE BUS STOP,65
1975,2025-08,S79+,MOBILE DOUBLE PARKED,112
